,Tweets Ago,Media,Tweet,Date,Compound,Positive,Negative,Neutral
0,1,BBC,‚úä What makes a hero? https://t.co/ZrMGLQQkdn https://t.co/7bZjKUD9DJ,Mon Jan 22 09:00:38 +0000 2018,0.5574,0.474,0.526,0.0
1,2,BBC,"RT @bbcgetinspired: If you're afraid of heights, best not watch this! ü§¢

If not, now's your chance to start a new sport ‚û° https://t.co/c2i7‚Ä¶",Mon Jan 22 08:51:42 +0000 2018,0.5792,0.178,0.753,0.069
2,3,BBC,RT @TWBBC: Watch @ProfBrianCox and @ericschmidt discuss the future of Artificial Intelligence @sciencemuseum tonight at 7:30pm on https://t‚Ä¶,Mon Jan 22 08:46:59 +0000 2018,0.4767,0.154,0.846,0.0
3,4,BBC,"RT @bbcpress: A rising cello star uncovers long-buried secrets in a remote Welsh community...
Meet the cast and creative team behind #Requi‚Ä¶",Mon Jan 22 08:46:24 +0000 2018,0.4404,0.132,0.868,0.0
4,5,BBC,"RT @CBeebiesHQ: üö®BLOOPER ALERT!üö®

At least it's not an elephant doing a number 2 in the studio- eh Justin? üê©üí¶

New series of Something Spec‚Ä¶",Mon Jan 22 08:46:20 +0000 2018,0.1511,0.067,0.933,0.0
5,6,BBC,The Bayeux Tapestry is set to be displayed in the UK - and it'll be the first time it's left France in 950 years! üòÆ https://t.co/5zOfEl42k3,Mon Jan 22 08:40:13 +0000 2018,0.0,0.0,1.0,0.0
6,7,BBC,üôÖüì± Using social media in the last 30 minutes before bed could be the single strongest indicator of a poor night‚Äôs s‚Ä¶ https://t.co/G6e9LQfutc,Mon Jan 22 08:20:06 +0000 2018,-0.0516,0.112,0.769,0.119
7,8,BBC,"If only getting ready for work were this easy. üò´

#MondayMorning https://t.co/XYFtEZRiMe",Mon Jan 22 08:00:06 +0000 2018,0.7073,0.395,0.605,0.0
8,9,BBC,"Cape Town is a world-renowned tourist destination, known for its penguins, sun &amp; sea.

üö∞ But it could also become f‚Ä¶ https://t.co/53I3sUPMEQ",Mon Jan 22 07:38:09 +0000 2018,0.0,0.0,1.0,0.0
9,10,BBC,"RT @BBCSport: QPR's goalkeeper's water bottle was urinated in during a match.

Here's the full story: https://t.co/lxrXoSMSmg https://t.co/‚Ä¶",Sun Jan 21 21:36:41 +0000 2018,0.0,0.0,1.0,0.0
10,11,BBC,"RT @bbcmusic: The incredible @ConchitaWurst is coming to @BBCRadio2 in Feb backed by a 60 piece orchestra! üòçüò±

18 reasons to feel cheerful‚Ä¶",Sun Jan 21 21:36:20 +0000 2018,0.1007,0.062,0.938,0.0
11,12,BBC,RT @BBCOne: When he gets you a present you actually like. #CallTheMidwife https://t.co/S8yWnzPyZs,Sun Jan 21 21:35:59 +0000 2018,0.3612,0.185,0.815,0.0
12,13,BBC,RT @BBCNWT: This Harry Potter Charity shop in Stockport will leave Potterheads Spellbound ‚ù§Ô∏èÔ∏è https://t.co/Y0RPfcQbbr,Sun Jan 21 21:35:56 +0000 2018,0.3818,0.165,0.765,0.071
13,14,BBC,There's skele-TONS of work that goes in to making @BBCOne's #SilentWitness. üíÄ https://t.co/0re7JcsX7Q,Sun Jan 21 20:00:08 +0000 2018,0.0,0.0,1.0,0.0
14,15,BBC,"üèÉ Fire, ice, leeches and... cream cheese. ü§î

Here are some of the most out-there methods of getting back in action‚Ä¶ https://t.co/ri6e791pbQ",Sun Jan 21 19:30:11 +0000 2018,-0.34,0.0,0.888,0.112
15,16,BBC,"The winter continues and the team at Nonnatus House welcome their newest midwife. üçº üë∂

#CallTheMidwife | 8pm |‚Ä¶ https://t.co/zScACk0PyI",Sun Jan 21 18:30:14 +0000 2018,0.4588,0.158,0.842,0.0
16,17,BBC,"ü¶ã‚ù§Ô∏èÔ∏è Tommy was abused in a care home as a boy. 

Now at 81, he's making up for the childhood he never had. https://t.co/k5Bi1LRM5g",Sun Jan 21 18:00:07 +0000 2018,-0.0258,0.121,0.755,0.125
17,18,BBC,"‚ùÑ #WINTERWATCH ‚ùÑ IS ‚ùÑ COMING ‚ùÑ

ü§îüêø Got questions for the @BBCSpringwatch experts about your backyard winter wildlif‚Ä¶ https://t.co/HOiXWNHh1H",Sun Jan 21 17:30:06 +0000 2018,0.0,0.0,1.0,0.0
18,19,BBC,"'I deliberately used demeaning language to make her lose confidence in her reading of the situation, of my infideli‚Ä¶ https://t.co/0Wy9QvuSlK",Sun Jan 21 16:30:10 +0000 2018,0.1531,0.137,0.75,0.113
19,20,BBC,"Wild, wild, wild üí´üé∂
üíï @Harry_Styles' #LiveLounge cover of Wild Thoughts is EVERYTHING. 

Watch in full here üëâ‚Ä¶ https://t.co/yhrg88nJu3",Sun Jan 21 16:00:02 +0000 2018,0.0,0.0,1.0,0.0
20,21,BBC,‚úä What makes a hero? https://t.co/ZrMGLQQkdn https://t.co/7bZjKUD9DJ,Mon Jan 22 09:00:38 +0000 2018,0.5574,0.474,0.526,0.0
21,22,BBC,"RT @bbcgetinspired: If you're afraid of heights, best not watch this! ü§¢

If not, now's your chance to start a new sport ‚û° https://t.co/c2i7‚Ä¶",Mon Jan 22 08:51:42 +0000 2018,0.5792,0.178,0.753,0.069
22,23,BBC,RT @TWBBC: Watch @ProfBrianCox and @ericschmidt discuss the future of Artificial Intelligence @sciencemuseum tonight at 7:30pm on https://t‚Ä¶,Mon Jan 22 08:46:59 +0000 2018,0.4767,0.154,0.846,0.0
23,24,BBC,"RT @bbcpress: A rising cello star uncovers long-buried secrets in a remote Welsh community...
Meet the cast and creative team behind #Requi‚Ä¶",Mon Jan 22 08:46:24 +0000 2018,0.4404,0.132,0.868,0.0
24,25,BBC,"RT @CBeebiesHQ: üö®BLOOPER ALERT!üö®

At least it's not an elephant doing a number 2 in the studio- eh Justin? üê©üí¶

New series of Something Spec‚Ä¶",Mon Jan 22 08:46:20 +0000 2018,0.1511,0.067,0.933,0.0
25,26,BBC,The Bayeux Tapestry is set to be displayed in the UK - and it'll be the first time it's left France in 950 years! üòÆ https://t.co/5zOfEl42k3,Mon Jan 22 08:40:13 +0000 2018,0.0,0.0,1.0,0.0
26,27,BBC,üôÖüì± Using social media in the last 30 minutes before bed could be the single strongest indicator of a poor night‚Äôs s‚Ä¶ https://t.co/G6e9LQfutc,Mon Jan 22 08:20:06 +0000 2018,-0.0516,0.112,0.769,0.119
27,28,BBC,"If only getting ready for work were this easy. üò´

#MondayMorning https://t.co/XYFtEZRiMe",Mon Jan 22 08:00:06 +0000 2018,0.7073,0.395,0.605,0.0
28,29,BBC,"Cape Town is a world-renowned tourist destination, known for its penguins, sun &amp; sea.

üö∞ But it could also become f‚Ä¶ https://t.co/53I3sUPMEQ",Mon Jan 22 07:38:09 +0000 2018,0.0,0.0,1.0,0.0
29,30,BBC,"RT @BBCSport: QPR's goalkeeper's water bottle was urinated in during a match.

Here's the full story: https://t.co/lxrXoSMSmg https://t.co/‚Ä¶",Sun Jan 21 21:36:41 +0000 2018,0.0,0.0,1.0,0.0
30,31,BBC,"RT @bbcmusic: The incredible @ConchitaWurst is coming to @BBCRadio2 in Feb backed by a 60 piece orchestra! üòçüò±

18 reasons to feel cheerful‚Ä¶",Sun Jan 21 21:36:20 +0000 2018,0.1007,0.062,0.938,0.0
31,32,BBC,RT @BBCOne: When he gets you a present you actually like. #CallTheMidwife https://t.co/S8yWnzPyZs,Sun Jan 21 21:35:59 +0000 2018,0.3612,0.185,0.815,0.0
32,33,BBC,RT @BBCNWT: This Harry Potter Charity shop in Stockport will leave Potterheads Spellbound ‚ù§Ô∏èÔ∏è https://t.co/Y0RPfcQbbr,Sun Jan 21 21:35:56 +0000 2018,0.3818,0.165,0.765,0.071
33,34,BBC,There's skele-TONS of work that goes in to making @BBCOne's #SilentWitness. üíÄ https://t.co/0re7JcsX7Q,Sun Jan 21 20:00:08 +0000 2018,0.0,0.0,1.0,0.0
34,35,BBC,"üèÉ Fire, ice, leeches and... cream cheese. ü§î

Here are some of the most out-there methods of getting back in action‚Ä¶ https://t.co/ri6e791pbQ",Sun Jan 21 19:30:11 +0000 2018,-0.34,0.0,0.888,0.112
35,36,BBC,"The winter continues and the team at Nonnatus House welcome their newest midwife. üçº üë∂

#CallTheMidwife | 8pm |‚Ä¶ https://t.co/zScACk0PyI",Sun Jan 21 18:30:14 +0000 2018,0.4588,0.158,0.842,0.0
36,37,BBC,"ü¶ã‚ù§Ô∏èÔ∏è Tommy was abused in a care home as a boy. 

Now at 81, he's making up for the childhood he never had. https://t.co/k5Bi1LRM5g",Sun Jan 21 18:00:07 +0000 2018,-0.0258,0.121,0.755,0.125
37,38,BBC,"‚ùÑ #WINTERWATCH ‚ùÑ IS ‚ùÑ COMING ‚ùÑ

ü§îüêø Got questions for the @BBCSpringwatch experts about your backyard winter wildlif‚Ä¶ https://t.co/HOiXWNHh1H",Sun Jan 21 17:30:06 +0000 2018,0.0,0.0,1.0,0.0
38,39,BBC,"'I deliberately used demeaning language to make her lose confidence in her reading of the situation, of my infideli‚Ä¶ https://t.co/0Wy9QvuSlK",Sun Jan 21 16:30:10 +0000 2018,0.1531,0.137,0.75,0.113
39,40,BBC,"Wild, wild, wild üí´üé∂
üíï @Harry_Styles' #LiveLounge cover of Wild Thoughts is EVERYTHING. 

Watch in full here üëâ‚Ä¶ https://t.co/yhrg88nJu3",Sun Jan 21 16:00:02 +0000 2018,0.0,0.0,1.0,0.0
40,41,BBC,"The concept of the Crown dates back at least 2000 years. 

#TheCoronation | @BBCiPlayer | https://t.co/xKAN8yI83s https://t.co/RWrFaf4WHK",Sun Jan 21 15:26:01 +0000 2018,0.0,0.0,1.0,0.0
41,42,BBC,"üò¨ These men just blew up 20,000 tonnes of beautiful Scottish countryside ‚Äî but don‚Äôt worry, it‚Äôs their job!‚Ä¶ https://t.co/xPdkm7vK1D",Sun Jan 21 15:00:07 +0000 2018,-0.4003,0.108,0.708,0.183
42,43,BBC,üíøüéµ Five ways Jay-Z sampling your track changes your life.  üëâ https://t.co/swHjzccIY7 https://t.co/5MH28qSVod,Sun Jan 21 14:30:05 +0000 2018,0.0,0.0,1.0,0.0
43,44,BBC,"From talent-spotting to comeback tours, here's how the music industry really works. üëâ https://t.co/5RvPYkjYpF https://t.co/5AECrv4Ajp",Sun Jan 21 13:30:06 +0000 2018,0.0,0.0,1.0,0.0
44,45,BBC,Six women from the British Army have become the largest all-female group to ski coast-to-coast across Antarctica. ‚õ∑‚Ä¶ https://t.co/TzK4nIABl1,Sun Jan 21 13:03:03 +0000 2018,0.0,0.0,1.0,0.0
45,46,BBC,"üêõüçΩüêú Edible insects are often portrayed as a sustainable alternative to livestock. 

But who's already eating them a‚Ä¶ https://t.co/FEfFPVRSNw",Sun Jan 21 12:30:06 +0000 2018,0.0,0.0,1.0,0.0
46,47,BBC,üçáüëÄ Take a peek #InsideTheFactory on @BBCTwo to see how fruit soft drink is made. https://t.co/OBp4p4dQ4n,Sun Jan 21 12:00:05 +0000 2018,0.0,0.0,1.0,0.0
47,48,BBC,üò° People are not happy about these pre-peeled onions wrapped in plastic. https://t.co/dh50rIBA9X https://t.co/WKNW7eiJFY,Sun Jan 21 11:30:07 +0000 2018,-0.4585,0.0,0.8,0.2
48,49,BBC,"üë¶üëß Experimental nurseries are starting to pop up across the UK, allowing parents to work shifts and save money on c‚Ä¶ https://t.co/ajyJiit6h2",Sun Jan 21 11:00:11 +0000 2018,0.4939,0.132,0.868,0.0
49,50,BBC,"A map of the Yorkshire Dales has been ""re-imagined"" in the style of author J.R.R. Tolkien. üçÉ https://t.co/FKFuJIlF15 https://t.co/Gk0o89mkDk",Sun Jan 21 10:33:03 +0000 2018,0.0,0.0,1.0,0.0
50,51,BBC,Are you ready for an internet connected chessboard? https://t.co/XtUZaXK8ab,Sun Jan 21 10:00:02 +0000 2018,0.3612,0.238,0.762,0.0
51,52,BBC,"RT @bbcpress: To mark the 100th anniversary of women‚Äôs suffrage in the UK, @BBCRadio3 commissions choral work by Emmeline Pankhurst's great‚Ä¶",Sun Jan 21 09:57:34 +0000 2018,0.0,0.0,1.0,0.0
52,53,BBC,"RT @bbcthree: I broke up with my boyfriend when he had depression

https://t.co/I1rmXNTkFd https://t.co/e3bIWU4EoQ",Sun Jan 21 09:57:11 +0000 2018,-0.7579,0.0,0.629,0.371
53,54,BBC,"RT @BBCSport: It is turning into some #AusOpen for Kyle Edmund.

He faces either Nick Kyrgios or Grigor Dimitrov in the quarter-final.

Mor‚Ä¶",Sun Jan 21 09:56:46 +0000 2018,0.0,0.0,1.0,0.0
54,55,BBC,"RT @CBeebiesHQ: When the kids are #Uptooearly... üò≥

They must just know it's #NationalHugDay!

@helloclangers https://t.co/L5grt62Yhd",Sun Jan 21 09:56:38 +0000 2018,0.0,0.0,1.0,0.0
55,56,BBC,"Where did Scots used to keep their oats? And who on earth is eggs ‚ÄòBenedict‚Äô? 

ü•ûüç≥ Put your breakfast knowledge to‚Ä¶ https://t.co/1vM255m4uJ",Sun Jan 21 09:00:10 +0000 2018,0.0,0.0,1.0,0.0
56,57,BBC,"#BTS superfan Stephanie moved from Scotland to South Korea for @BTS_twt! 

Here's the moment she got a message from‚Ä¶ https://t.co/dTprcZhaG6",Sun Jan 21 08:33:01 +0000 2018,0.0,0.0,1.0,0.0
57,58,BBC,Congratulations! ‚ù§Ô∏èÔ∏è Alan Carr has got married to his long-term boyfriend Paul Drayton. https://t.co/k2igSd4aqI https://t.co/xZXGPiHlW4,Sat Jan 20 20:33:04 +0000 2018,0.636,0.23,0.77,0.0
58,59,BBC,Jamie Dornan reveals the very unsexy reality of shooting a certain 50 Shades scene. üòÇ #TheGNShow https://t.co/x73MiFiqJl,Sat Jan 20 20:03:01 +0000 2018,0.2732,0.13,0.87,0.0
59,60,BBC,"üíñ @LouisTomlinson has given $10,000 to a nine-year-old fan with cerebral palsy. https://t.co/U47EhngqhE https://t.co/Fvc53xGwLn",Sat Jan 20 19:33:03 +0000 2018,0.3182,0.173,0.827,0.0
60,61,BBC,"ü§ñ If transhumanists are right, we could be one of the last generations of humans to roam the planet. https://t.co/JH6PsmoLHK",Sat Jan 20 19:00:04 +0000 2018,0.0,0.0,1.0,0.0
61,62,BBC,Can't wait for the return of #CallTheMidwife? The cast and creator tell us why this week's storyline is so special.‚Ä¶ https://t.co/Bq70sbx1k3,Sat Jan 20 18:35:19 +0000 2018,0.0,0.0,1.0,0.0
62,63,BBC,üîéü¶ã Newly discovered fossils show that moths and butterflies have been on the planet for at least 200 million years!‚Ä¶ https://t.co/j6QNTuh1kU,Sat Jan 20 18:00:06 +0000 2018,0.0,0.0,1.0,0.0
63,64,BBC,"üêº 'The panda‚Äôs outside looking in and it‚Äôs just the question mark, like, who‚Äôs really wild?' https://t.co/sw2Hla0adk",Sat Jan 20 17:14:01 +0000 2018,0.3612,0.143,0.857,0.0
64,65,BBC,üíñ üíç ü•Ç @edsheeran has announced he's engaged to his long-time girlfriend Cherry Seaborn. https://t.co/O5SSRg1W5K https://t.co/ette2ILw0c,Sat Jan 20 16:44:04 +0000 2018,0.4019,0.184,0.816,0.0
65,66,BBC,"üáßüá¨üêÑ Not only is the history of yoghurt tied to Bulgaria, but Bulgaria's history and identity can be traced through‚Ä¶ https://t.co/4QlCJ3DaLK",Sat Jan 20 16:00:06 +0000 2018,0.0,0.0,1.0,0.0
66,67,BBC,"If you like mystery, intrigue and plumbing, this is for you. üïµüö∞ https://t.co/4rSJrbeA61",Sat Jan 20 15:00:07 +0000 2018,0.3612,0.172,0.828,0.0
67,68,BBC,"üå¨‚ùÑÔ∏è You may have heard the term 'wind chill', but do you know why the wind makes us feel colder?

@BBCWeather expla‚Ä¶ https://t.co/cpXPJ0qyRq",Sat Jan 20 14:30:07 +0000 2018,0.0,0.0,1.0,0.0
68,69,BBC,"üì∏ For over a decade, British photographer @SimonCRoberts has taken pictures of events &amp; places that draw people tog‚Ä¶ https://t.co/xpIMNApACl",Sat Jan 20 14:00:11 +0000 2018,0.0,0.0,1.0,0.0
69,70,BBC,ü§ñ #RobotWars judge @sethuvij says we‚Äôve plenty to gain from relinquishing some control to the machines in our lives‚Ä¶ https://t.co/bFLbO5pVET,Sat Jan 20 13:30:09 +0000 2018,0.5267,0.159,0.841,0.0
70,71,BBC,"How can you measure what makes a country great? 

Data aggregations like the Social Progress Index shape policy, he‚Ä¶ https://t.co/PMXYl3UbrC",Sat Jan 20 13:00:06 +0000 2018,0.8555,0.37,0.63,0.0
71,72,BBC,"„Ä∞ü§î„Ä∞ What are gravitational waves? 

üìª @BBCRadio4 provides a simple-ish explanation. üëâ https://t.co/cptvkKGNYy https://t.co/Nd6uwMFB6V",Sat Jan 20 12:31:04 +0000 2018,0.0,0.0,1.0,0.0
72,73,BBC,Is this the oldest tattoo shop in the world? https://t.co/3VKniXb1Cc,Sat Jan 20 12:00:05 +0000 2018,0.0,0.0,1.0,0.0
73,74,BBC,"üöúüòÇ Scotland has named its ice gritters Grittie McVittie, Ready Spready Go and Mr Plow. 

üó∫ And you can track their‚Ä¶ https://t.co/5nAoBBmh3i",Sat Jan 20 11:30:07 +0000 2018,0.3612,0.111,0.889,0.0
74,75,BBC,"This #PenguinAwarenessDay, see penguins like you have never seen them before. üêß

Penguins - Spy in the Huddle |‚Ä¶ https://t.co/5VN2HacGTc",Sat Jan 20 11:00:09 +0000 2018,0.3612,0.128,0.872,0.0
75,76,BBC,"üé∂üåüüé§ @BBCR1's @AdeleRoberts explores the rise of K-Pop and meets the incredible @BTS_twt, the biggest band in the sc‚Ä¶ https://t.co/obil37RDxO",Sat Jan 20 10:33:04 +0000 2018,0.0,0.0,1.0,0.0
76,77,BBC,"üöñ‚ù§Ô∏èÔ∏è This little yellow car wants you to know that it's ok to talk about depression.
#BBCLikeMinds https://t.co/NcbzgCPQHH",Sat Jan 20 10:00:08 +0000 2018,-0.3612,0.1,0.731,0.169
77,78,BBC,RT @BBCBreakfast: Donkeys and humans have been working together for thousands of years. Now the animals are helping to emotionally carry pe‚Ä¶,Sat Jan 20 09:47:13 +0000 2018,0.296,0.095,0.905,0.0
78,79,BBC,"RT @BBCEarth: Incredible sunset and light on a forest walk through Loch Lomand, Scotland 
#EarthCapture by @chiaraguarino https://t.co/Nu5T‚Ä¶",Sat Jan 20 09:47:07 +0000 2018,0.0,0.0,1.0,0.0
79,80,BBC,"RT @BBCNewsround: Happy #PenguinAwarenessDay! üêßüêßüêß
https://t.co/zx8xCnvYx9 https://t.co/nXgJAKBmWL",Sat Jan 20 09:47:02 +0000 2018,0.6114,0.4,0.6,0.0
80,81,BBC,RT @BBCFood: Who's having special breakfast today? https://t.co/Zo1gsOI3KX üç≥ https://t.co/HnYtWoAOWV,Sat Jan 20 09:46:57 +0000 2018,0.4019,0.252,0.748,0.0
81,82,BBC,üé¨üòÇ The TV and movie extras that steal the limelight when they're not supposed to. https://t.co/3EYF9LsviZ https://t.co/sSjcPFtmjZ,Sat Jan 20 09:00:09 +0000 2018,-0.4939,0.0,0.833,0.167
82,83,BBC,"Photographer, Vasantha Yogananthan is remystifying the story of Ramayana, about the heroic Rama and his beloved wif‚Ä¶ https://t.co/n772AEAjHn",Sat Jan 20 08:30:14 +0000 2018,0.7845,0.301,0.699,0.0
83,84,BBC,"üå∫üçÉüçä @TheMontyDon discovers paradise gardens in Spain, Morocco and Iran and uncovers the influence they've had back‚Ä¶ https://t.co/Yfu5HcI0g4",Fri Jan 19 20:03:05 +0000 2018,0.6369,0.198,0.802,0.0
84,85,BBC,"Industry insiders reveal how the music business really works. üé∂ ü§ù ‚ú®

Hits, Hype &amp; Hustle: An Insider's Guide to the‚Ä¶ https://t.co/OGmGKJ9EC6",Fri Jan 19 19:33:03 +0000 2018,0.0,0.0,1.0,0.0
85,86,BBC,"You have the first kid and it's great... 

#LiveAtTheApollo https://t.co/D9ODkUmN7U",Fri Jan 19 19:00:11 +0000 2018,0.0,0.0,1.0,0.0
86,87,BBC,üôÖüçª 'Thousands of Britons who don't drink that much anyway are currently enjoying a pretend battle with alcohol for‚Ä¶ https://t.co/l27xc0Ukzj,Fri Jan 19 18:30:06 +0000 2018,0.1027,0.145,0.684,0.171
87,88,BBC,‚ö°Ô∏è Twitter users have been imagining how Hogwarts might look if it included more black characters.‚Ä¶ https://t.co/oSue8TO5DF,Fri Jan 19 18:00:11 +0000 2018,0.0,0.0,1.0,0.0
88,89,BBC,üòÇ 'The cone saved my life and I'd like to think it saved other lives too.' https://t.co/QE2adyrE4J,Fri Jan 19 17:30:09 +0000 2018,0.7964,0.384,0.616,0.0
89,90,BBC,"What makes the perfect pub? üçª

üìª @BBCRadio4 explains how George Orwell invented the ideal drinking house. üëâ‚Ä¶ https://t.co/6w5nWHv0x1",Fri Jan 19 17:00:17 +0000 2018,0.7964,0.321,0.679,0.0
90,91,BBC,Scientists believe that the death of a large number of antelopes was triggered by environmental factors.‚Ä¶ https://t.co/ItSxX2j9om,Fri Jan 19 16:33:28 +0000 2018,-0.5574,0.068,0.729,0.203
91,92,BBC,"üé∂ üíñ ""It's always fun working with @BTS_twt"". 

üëû ‚ú® @BBCR1's @AdeleRoberts meets the choreographer who has helped to‚Ä¶ https://t.co/r8zmiF1uL9",Fri Jan 19 14:30:06 +0000 2018,0.5106,0.18,0.82,0.0
92,93,BBC,London has been lit up for the Lumiere festival! üí° üíñ üåü https://t.co/UtQvM8axPg https://t.co/ycXU6T9HFh,Fri Jan 19 14:03:07 +0000 2018,0.5411,0.259,0.741,0.0
93,94,BBC,"Do you see yourself the way others see you? üëÄ

What happens in your head may have more of an effect on what you see‚Ä¶ https://t.co/YZcgOt6FWm",Fri Jan 19 13:30:09 +0000 2018,0.0,0.0,1.0,0.0
94,95,BBC,ü§ñüíø The album that could change the way we think about AI and creativity. https://t.co/TkMPr4hCh4 https://t.co/wayYAqyIX5,Fri Jan 19 13:00:10 +0000 2018,0.3818,0.148,0.852,0.0
95,96,BBC,PSA: Valentine's Day is only a few weeks away! ‚ù§Ô∏è https://t.co/oSFr2ZLBPw,Fri Jan 19 12:30:04 +0000 2018,0.0,0.0,1.0,0.0
96,97,BBC,What if the whole world used the same writing system? üìù https://t.co/bV3XDLi6eI https://t.co/eqm1sUPit1,Fri Jan 19 12:00:10 +0000 2018,0.0,0.0,1.0,0.0
97,98,BBC,"The most moreish snack ever, these popcorn balls are squidged together with marshmallow and sprinkled with coffee.‚Ä¶ https://t.co/MMA2YNq9u7",Fri Jan 19 11:03:03 +0000 2018,0.0,0.0,1.0,0.0
98,99,BBC,"üé∂ ‚ú® @BBCR1's @AdeleRoberts tracks the rise of K-Pop and meets @BTS_twt, the biggest band in the scene. 

Watch on‚Ä¶ https://t.co/REgXX05cyB",Fri Jan 19 10:42:03 +0000 2018,0.0,0.0,1.0,0.0
99,100,BBC,"RT @BBCBreakfast: Oh, hello there! üêß
Pics: @AusAntarctic https://t.co/oIUadMixym",Fri Jan 19 10:26:34 +0000 2018,0.0,0.0,1.0,0.0
100,1,CBS,Baltimore @Ravens player Brandon Williams is a finalist in MVP: Most Valuable Performer! Watch him compete live and‚Ä¶ https://t.co/NSNqmsmUSo,Sun Jan 21 23:30:01 +0000 2018,0.5697,0.178,0.822,0.0
101,2,CBS,"RT @CBSTweet: Thank you for voting #JonathanStewart of the @panthers into #MVPCBS, where he will be Playing Piano to win your vote for Most‚Ä¶",Sun Jan 21 22:55:34 +0000 2018,0.7964,0.278,0.722,0.0
102,3,CBS,üèÜ Don‚Äôt miss the AFC Championship! Stream the Jacksonville Jaguars at New England Patriots LIVE today at 3:05PM ET‚Ä¶ https://t.co/DEdEUxlVgQ,Sun Jan 21 14:16:30 +0000 2018,0.3802,0.146,0.78,0.073
103,4,CBS,"Witness the music legends that will go down in history. In one week, watch The 60th Annual #GRAMMYs Sunday, January‚Ä¶ https://t.co/Cix3JRI7mS",Sun Jan 21 12:00:06 +0000 2018,0.0,0.0,1.0,0.0
104,5,CBS,New England @Patriots players Cody &amp; Jacob Hollister are finalists of MVP: Most Valuable Performer! Watch them show‚Ä¶ https://t.co/9mnVw7WCW1,Sat Jan 20 23:43:46 +0000 2018,0.5697,0.17,0.83,0.0
105,6,CBS,"RT @CBSTweet: ""Always remember there's no place like first"" @Ravens running back @Budda03 is ready to put on his dance shoes for #MVPCBS! #‚Ä¶",Sat Jan 20 23:28:44 +0000 2018,0.4753,0.186,0.737,0.077
106,7,CBS,Carolina @Panthers player Jonathan Stewart is a finalist of MVP: Most Valuable Performer! Watch him compete on the‚Ä¶ https://t.co/qhRjuRdRF2,Sat Jan 20 00:42:23 +0000 2018,0.5697,0.178,0.822,0.0
107,8,CBS,RT @CBSTweet: A special thank you from @Browns guard @kzeit70 on behalf of himself and his dog Amber for voting him into #MVPCBS! Don't mis‚Ä¶,Fri Jan 19 22:53:48 +0000 2018,0.6696,0.2,0.8,0.0
108,9,CBS,"Cast your vote for your favorite commercial now, then tune in to see which spot is named champion! Watch Super Bowl‚Ä¶ https://t.co/2dGlQvBQED",Fri Jan 19 12:06:04 +0000 2018,0.902,0.369,0.631,0.0
109,10,CBS,Baltimore @Ravens running back Alex Collins (@Budda03) is one of the finalists of MVP: Most Valuable Performer! Wat‚Ä¶ https://t.co/7RV0vMyg2F,Thu Jan 18 20:35:02 +0000 2018,0.5697,0.17,0.83,0.0
110,11,CBS,RT @CBSTweet: Let's go!!!! Thank you to the fans for voting in #BrandonWilliams from the @ravens! BrandonW_66 is ready to show off his sing‚Ä¶,Thu Jan 18 20:05:07 +0000 2018,0.7326,0.219,0.781,0.0
111,12,CBS,"#TBT to when @latelateshow's @JKCorden brought Carpool Karaoke to the #GRAMMYs with @JLo, @JohnLegend, @FaithHill a‚Ä¶ https://t.co/MNqRh1rgIK",Thu Jan 18 19:04:56 +0000 2018,0.0,0.0,1.0,0.0
112,13,CBS,Find out if your top pick made it to the final round of MVP: Most Valuable Performer! Watch the finalists compete d‚Ä¶ https://t.co/nhSJ1SDZDK,Thu Jan 18 18:29:17 +0000 2018,0.6689,0.207,0.793,0.0
113,14,CBS,"Country stars @brothersosborne, @ericchurch &amp; @marenmorris will perform a special tribute to honor the victims of t‚Ä¶ https://t.co/m0zbaY6AH0",Thu Jan 18 14:45:10 +0000 2018,0.5574,0.266,0.631,0.104
114,15,CBS,.@ZaneLowe and @AppleMusic's latest #UpNext artist @stefflondon stop by the @LateLateShow tonight! https://t.co/q8EGVM5Bky,Thu Jan 18 02:28:47 +0000 2018,-0.3595,0.0,0.828,0.172
115,16,CBS,"When these #SuperBowlCommercials face off, who will win - Man or Beast? Watch all the memorable spots and cast your‚Ä¶ https://t.co/Qbu0Ah0toB",Wed Jan 17 23:59:46 +0000 2018,0.5859,0.167,0.833,0.0
116,17,CBS,"2018 GRAMMY¬Æ nominee @LadyGaga is never afraid to push boundaries.

Watch her perform live at The 60th Annual‚Ä¶ https://t.co/TqqoTcVs2i",Wed Jan 17 19:54:17 +0000 2018,0.0,0.0,1.0,0.0
117,18,CBS,#StrangeAngel Casting News: @rupertfriend joins the cast of the upcoming CBS All Access original drama series. Lear‚Ä¶ https://t.co/xOq0SC6ove,Wed Jan 17 19:04:12 +0000 2018,0.3182,0.119,0.881,0.0
118,19,CBS,"You won't want to miss performances by @eltonofficial with @MileyCyrus, @U2, @samsmithworld, @kendricklamar &amp; more!‚Ä¶ https://t.co/dCKkJIXQfZ",Wed Jan 17 14:52:00 +0000 2018,0.1316,0.102,0.826,0.072
119,20,CBS,Cast your vote now and see who will be named the winner of Super Bowl Greatest Commercials 2018! Tune in January 30‚Ä¶ https://t.co/zUteavWdKi,Sun Jan 14 22:13:29 +0000 2018,0.9215,0.379,0.621,0.0
120,21,CBS,Baltimore @Ravens player Brandon Williams is a finalist in MVP: Most Valuable Performer! Watch him compete live and‚Ä¶ https://t.co/NSNqmsmUSo,Sun Jan 21 23:30:01 +0000 2018,0.5697,0.178,0.822,0.0
121,22,CBS,"RT @CBSTweet: Thank you for voting #JonathanStewart of the @panthers into #MVPCBS, where he will be Playing Piano to win your vote for Most‚Ä¶",Sun Jan 21 22:55:34 +0000 2018,0.7964,0.278,0.722,0.0
122,23,CBS,üèÜ Don‚Äôt miss the AFC Championship! Stream the Jacksonville Jaguars at New England Patriots LIVE today at 3:05PM ET‚Ä¶ https://t.co/DEdEUxlVgQ,Sun Jan 21 14:16:30 +0000 2018,0.3802,0.146,0.78,0.073
123,24,CBS,"Witness the music legends that will go down in history. In one week, watch The 60th Annual #GRAMMYs Sunday, January‚Ä¶ https://t.co/Cix3JRI7mS",Sun Jan 21 12:00:06 +0000 2018,0.0,0.0,1.0,0.0
124,25,CBS,New England @Patriots players Cody &amp; Jacob Hollister are finalists of MVP: Most Valuable Performer! Watch them show‚Ä¶ https://t.co/9mnVw7WCW1,Sat Jan 20 23:43:46 +0000 2018,0.5697,0.17,0.83,0.0
125,26,CBS,"RT @CBSTweet: ""Always remember there's no place like first"" @Ravens running back @Budda03 is ready to put on his dance shoes for #MVPCBS! #‚Ä¶",Sat Jan 20 23:28:44 +0000 2018,0.4753,0.186,0.737,0.077
126,27,CBS,Carolina @Panthers player Jonathan Stewart is a finalist of MVP: Most Valuable Performer! Watch him compete on the‚Ä¶ https://t.co/qhRjuRdRF2,Sat Jan 20 00:42:23 +0000 2018,0.5697,0.178,0.822,0.0
127,28,CBS,RT @CBSTweet: A special thank you from @Browns guard @kzeit70 on behalf of himself and his dog Amber for voting him into #MVPCBS! Don't mis‚Ä¶,Fri Jan 19 22:53:48 +0000 2018,0.6696,0.2,0.8,0.0
128,29,CBS,"Cast your vote for your favorite commercial now, then tune in to see which spot is named champion! Watch Super Bowl‚Ä¶ https://t.co/2dGlQvBQED",Fri Jan 19 12:06:04 +0000 2018,0.902,0.369,0.631,0.0
129,30,CBS,Baltimore @Ravens running back Alex Collins (@Budda03) is one of the finalists of MVP: Most Valuable Performer! Wat‚Ä¶ https://t.co/7RV0vMyg2F,Thu Jan 18 20:35:02 +0000 2018,0.5697,0.17,0.83,0.0
130,31,CBS,RT @CBSTweet: Let's go!!!! Thank you to the fans for voting in #BrandonWilliams from the @ravens! BrandonW_66 is ready to show off his sing‚Ä¶,Thu Jan 18 20:05:07 +0000 2018,0.7326,0.219,0.781,0.0
131,32,CBS,"#TBT to when @latelateshow's @JKCorden brought Carpool Karaoke to the #GRAMMYs with @JLo, @JohnLegend, @FaithHill a‚Ä¶ https://t.co/MNqRh1rgIK",Thu Jan 18 19:04:56 +0000 2018,0.0,0.0,1.0,0.0
132,33,CBS,Find out if your top pick made it to the final round of MVP: Most Valuable Performer! Watch the finalists compete d‚Ä¶ https://t.co/nhSJ1SDZDK,Thu Jan 18 18:29:17 +0000 2018,0.6689,0.207,0.793,0.0
133,34,CBS,"Country stars @brothersosborne, @ericchurch &amp; @marenmorris will perform a special tribute to honor the victims of t‚Ä¶ https://t.co/m0zbaY6AH0",Thu Jan 18 14:45:10 +0000 2018,0.5574,0.266,0.631,0.104
134,35,CBS,.@ZaneLowe and @AppleMusic's latest #UpNext artist @stefflondon stop by the @LateLateShow tonight! https://t.co/q8EGVM5Bky,Thu Jan 18 02:28:47 +0000 2018,-0.3595,0.0,0.828,0.172
135,36,CBS,"When these #SuperBowlCommercials face off, who will win - Man or Beast? Watch all the memorable spots and cast your‚Ä¶ https://t.co/Qbu0Ah0toB",Wed Jan 17 23:59:46 +0000 2018,0.5859,0.167,0.833,0.0
136,37,CBS,"2018 GRAMMY¬Æ nominee @LadyGaga is never afraid to push boundaries.

Watch her perform live at The 60th Annual‚Ä¶ https://t.co/TqqoTcVs2i",Wed Jan 17 19:54:17 +0000 2018,0.0,0.0,1.0,0.0
137,38,CBS,#StrangeAngel Casting News: @rupertfriend joins the cast of the upcoming CBS All Access original drama series. Lear‚Ä¶ https://t.co/xOq0SC6ove,Wed Jan 17 19:04:12 +0000 2018,0.3182,0.119,0.881,0.0
138,39,CBS,"You won't want to miss performances by @eltonofficial with @MileyCyrus, @U2, @samsmithworld, @kendricklamar &amp; more!‚Ä¶ https://t.co/dCKkJIXQfZ",Wed Jan 17 14:52:00 +0000 2018,0.1316,0.102,0.826,0.072
139,40,CBS,Cast your vote now and see who will be named the winner of Super Bowl Greatest Commercials 2018! Tune in January 30‚Ä¶ https://t.co/zUteavWdKi,Sun Jan 14 22:13:29 +0000 2018,0.9215,0.379,0.621,0.0
140,41,CBS,"If you continue to experience problems, please visit https://t.co/wvWEgDYfI5 to send our support team an email.",Sun Jan 14 19:12:26 +0000 2018,0.3182,0.242,0.628,0.13
141,42,CBS,"We apologize for the live streaming issues some users are experiencing on CBS All Access this morning. The issue, a‚Ä¶ https://t.co/WNl94H269i",Sun Jan 14 19:12:25 +0000 2018,0.1027,0.065,0.935,0.0
142,43,CBS,"RT @startrekcbs: There will be lots to discuss after tonight's new #StarTrekDiscovery. Luckily, #AfterTrek has you covered. Join @karterhol‚Ä¶",Sun Jan 14 19:11:33 +0000 2018,0.6705,0.244,0.756,0.0
143,44,CBS,Don‚Äôt miss the AFC Divisional game! Stream the Jacksonville Jaguars at Pittsburgh Steelers LIVE today at 1:05PM ET‚Ä¶ https://t.co/uYjgjaa6Oj,Sun Jan 14 14:49:58 +0000 2018,-0.2244,0.0,0.905,0.095
144,45,CBS,"Today's music stars will be tomorrow's legends. In two weeks, celebrate The 60th Annual #GRAMMYs, Sunday, January 2‚Ä¶ https://t.co/feZVWMIKua",Sun Jan 14 12:00:01 +0000 2018,0.5719,0.171,0.829,0.0
145,46,CBS,Don‚Äôt miss the AFC Divisional game! Stream the Tennessee Titans at New England Patriots LIVE tonight at 8:15PM ET w‚Ä¶ https://t.co/X34bNfms3j,Sat Jan 13 14:32:07 +0000 2018,-0.2244,0.0,0.914,0.086
146,47,CBS,Star power makes these commercials instant classics! Vote for your favorite spot now and watch Super Bowl Greatest‚Ä¶ https://t.co/DwBhTazToF,Fri Jan 12 21:39:27 +0000 2018,0.8016,0.297,0.703,0.0
147,48,CBS,Four-time GRAMMY¬Æ winner @KeithUrban inspires the next generation of young artists through music education. Because‚Ä¶ https://t.co/1a32zReMrn,Fri Jan 12 12:00:05 +0000 2018,0.7717,0.324,0.676,0.0
148,49,CBS,Here's why @startrekcbs needs to be your next binge: https://t.co/locrpdx0VT #StarTrekDiscovery https://t.co/XOMuprlXzG,Thu Jan 11 20:34:24 +0000 2018,0.0,0.0,1.0,0.0
149,50,CBS,RT @Elementary_CBS: Your favorite detective duo is back! #Elementary returns April 30 at 10/9c! https://t.co/aG8XiwAd6S,Thu Jan 11 20:31:42 +0000 2018,0.555,0.204,0.796,0.0
150,51,CBS,"RT @CodeBlackCBS: Return to Angels Memorial on Wednesday, May 2 for season 3 of #CodeBlack. https://t.co/ZmfuQhOwoU",Thu Jan 11 20:31:33 +0000 2018,0.0,0.0,1.0,0.0
151,52,CBS,#TBT to when @latelateshow's @JKCorden rolled into the 2017 #GRAMMYs! Don't miss him return to host The 60th Annual‚Ä¶ https://t.co/CbczcnV3HK,Thu Jan 11 12:00:06 +0000 2018,0.1867,0.084,0.916,0.0
152,53,CBS,Hosts @7BOOMERESIASON &amp; @DanielaRuah return in Super Bowl Greatest Commercials 2018 pitting man vs. beast! Cast you‚Ä¶ https://t.co/bk8OKTblMw,Wed Jan 10 17:15:18 +0000 2018,0.8553,0.344,0.656,0.0
153,54,CBS,"Music's Biggest Night¬Æ just got bigger with epic performances by @BrunoMars with @iamcardib, @KeshaRose, @sza and m‚Ä¶ https://t.co/rCWrP6PihR",Wed Jan 10 14:44:59 +0000 2018,0.0,0.0,1.0,0.0
154,55,CBS,RT @BullCBS: Dr. #Bull's latest case could change the way Psychologists work. Don't miss tonight's new episode at 9/8c on CBS! https://t.co‚Ä¶,Tue Jan 09 19:30:28 +0000 2018,0.1867,0.076,0.924,0.0
155,56,CBS,"üé∂@Prince pushed the envelope and never settled for ordinary.

Celebrate the greatest artists in music history at Th‚Ä¶ https://t.co/GPZ9YgK1tH",Tue Jan 09 19:27:16 +0000 2018,0.836,0.317,0.683,0.0
156,57,CBS,RT @AmazingRaceCBS: This race is just getting started. Catch a new episode of The #AmazingRace tomorrow at 8/7c on CBS! https://t.co/Nab5DC‚Ä¶,Tue Jan 09 18:29:39 +0000 2018,0.0,0.0,1.0,0.0
157,58,CBS,RT @startrekcbs: #StarTrekDiscovery is back! Episode 10 is now streaming on CBS All Access: https://t.co/xPeb97Rs8J https://t.co/Uvgab7nGgS,Mon Jan 08 18:07:57 +0000 2018,0.0,0.0,1.0,0.0
158,59,CBS,"New year, new case. Watch the latest episode of #NCISLA now: https://t.co/1rAsX4EsiB https://t.co/QzRZcORK9r",Mon Jan 08 14:34:48 +0000 2018,0.0,0.0,1.0,0.0
159,60,CBS,RT @AmazingRaceCBS: Which teams are zipping through the first leg of the #AmazingRace? https://t.co/8isAwPyrLY,Mon Jan 08 14:29:20 +0000 2018,0.0,0.0,1.0,0.0
160,61,CBS,RT @MadamSecretary: Is VP Hurst going to work with or against Elizabeth? Stream a new #MadamSecretary live with CBS All Access: https://t.c‚Ä¶,Mon Jan 08 00:29:51 +0000 2018,0.0,0.0,1.0,0.0
161,62,CBS,"RT @debrabirnbaum: .@ShawnRyanTV: To me, being on CBS is the opposite of preaching to the choir. #TCA18",Sat Jan 06 20:05:17 +0000 2018,0.0,0.0,1.0,0.0
162,63,CBS,RT @LivinBiblically: ‚ÄúThe truth is it somehow gorgeously straddles both sides...I have had friends come from all different walks of life an‚Ä¶,Sat Jan 06 19:04:08 +0000 2018,0.8271,0.314,0.686,0.0
163,64,CBS,RT @instinctcbs: ‚ÄúThis is a crime show where at the end you‚Äôre not reminded of how miserable things are in the world right now‚Ä¶You feel sat‚Ä¶,Sat Jan 06 19:03:38 +0000 2018,-0.7717,0.0,0.774,0.226
164,65,CBS,"RT @startrekcbs: Star Trek has touched the lives of generations of fans, including the cast and writers of #StarTrekDiscovery. What's your‚Ä¶",Sat Jan 06 00:37:55 +0000 2018,0.0,0.0,1.0,0.0
165,66,CBS,#StrangeAngel has found its leading man! Jack Reynor will star as famed rocket engineer Jack Parsons in the upcomin‚Ä¶ https://t.co/sHkSKABGfd,Sat Jan 06 00:30:53 +0000 2018,0.0,0.0,1.0,0.0
166,67,CBS,"The streak of new episodes continues! Watch new episodes of #MacGyver, #H50 &amp; #BlueBloods tonight starting at 8/7c.‚Ä¶ https://t.co/xs2vbVqBJZ",Fri Jan 05 18:30:42 +0000 2018,0.0,0.0,1.0,0.0
167,68,CBS,"RT @CBSTweet: #CBSRatingsNews: CBS Sweeps Fourth Quarter Ratings in Daytime, Primetime and Late Night for the First Time Since 2009 https:/‚Ä¶",Fri Jan 05 16:05:58 +0000 2018,0.0,0.0,1.0,0.0
168,69,CBS,"New year, new episodes! Don't miss all-new episodes of @BigBangTheory, @YoungSheldon, @MomCBS, @LifeInPiecesCBS, an‚Ä¶ https://t.co/COf6Qg8Mz1",Thu Jan 04 23:13:02 +0000 2018,0.1867,0.11,0.89,0.0
169,70,CBS,"Current nominees @LadyGaga, @LittleBigTown, @Pink, Childish Gambino and more will perform live at the #GRAMMYs, Jan‚Ä¶ https://t.co/PlLMasNPwD",Thu Jan 04 14:43:09 +0000 2018,-0.296,0.0,0.879,0.121
170,71,CBS,"RT @startrekcbs: From Airiam to Zefram Cochrane, #StarTrekDiscovery features fascinating new concepts along with classic references. What's‚Ä¶",Wed Jan 03 20:33:09 +0000 2018,0.5423,0.179,0.821,0.0
171,72,CBS,Torres and Bishop went undercover as a criminal couple on the latest episode of #NCIS. Catch up now:‚Ä¶ https://t.co/1iTEneHyJS,Wed Jan 03 19:51:15 +0000 2018,-0.5267,0.0,0.833,0.167
172,73,CBS,Do you know all the nominees for Artist Of The Year? Get familiar with this year's GRAMMY¬Æ Award nominees ahead of‚Ä¶ https://t.co/UQa8Mu9PUV,Wed Jan 03 15:00:05 +0000 2018,0.5423,0.143,0.857,0.0
173,74,CBS,"The new year of new episodes continues tonight with all-new episodes of #AmazingRace, #SEALTeam and #CriminalMinds‚Ä¶ https://t.co/bwhNhQgsFC",Wed Jan 03 12:00:01 +0000 2018,0.0,0.0,1.0,0.0
174,75,CBS,"RT @BullCBS: Tonight, can #Bull prove that a teen accused of robbing a jewelry store isn't responsible for the crime? Tune in at 9/8c or st‚Ä¶",Wed Jan 03 00:47:26 +0000 2018,-0.7692,0.0,0.733,0.267
175,76,CBS,It's your last chance to choose the pro football player with the best off-the-field talent! Vote now to decide who‚Ä¶ https://t.co/6DjwqU0MB9,Tue Jan 02 22:41:51 +0000 2018,0.8516,0.34,0.66,0.0
176,77,CBS,"New year, new episodes -- all week long! It kicks off with an all-new #NCIS, #Bull and #NCISNOLA tonight starting a‚Ä¶ https://t.co/bcmAaUQJtf",Tue Jan 02 08:00:03 +0000 2018,0.0,0.0,1.0,0.0
177,78,CBS,"Due to #NFL football games overrun, revised start times &amp; lineup for Eastern/Central Time Zones Only:
#60Minutes 8:‚Ä¶ https://t.co/rqOYbM5j0h",Mon Jan 01 01:16:12 +0000 2018,0.0,0.0,1.0,0.0
178,79,CBS,Get ready for football! Stream NFL on CBS today with #CBSAllAccess. Try 1 month FREE with promo code BINGE (not ava‚Ä¶ https://t.co/NEntvW7QHd,Sun Dec 31 14:37:05 +0000 2017,0.7798,0.264,0.736,0.0
179,80,CBS,"RT @NoActivityCBS: All season nothing's happened. Now prepare for activity. Stream the #NoActivity season finale Sunday, Dec 31 on CBS All‚Ä¶",Sat Dec 30 20:25:20 +0000 2017,0.0,0.0,1.0,0.0
180,81,CBS,RT @startrekcbs: Find out what happens when you boldly go too far. #StarTrekDiscovery continues January 7 on CBS All Access: https://t.co/f‚Ä¶,Sat Dec 30 20:24:58 +0000 2017,0.3612,0.116,0.884,0.0
181,82,CBS,Stream NC State Wolfpack at Arizona State Sun Devils LIVE today at 3PM ET with a 1-month FREE trial of‚Ä¶ https://t.co/8k50thgtip,Fri Dec 29 16:06:02 +0000 2017,0.0857,0.157,0.699,0.144
182,83,CBS,"In case you missed this star-studded tribute to Carol Burnett's classic comedy series, catch up now! Watch The Caro‚Ä¶ https://t.co/wu7BxM9gtm",Thu Dec 28 20:31:01 +0000 2017,0.1511,0.121,0.783,0.096
183,84,CBS,Some of TV's biggest stars saluted @TheNormanLear's impact on television and culture at The 40th Annual Kennedy Cen‚Ä¶ https://t.co/E74ChUW1uE,Thu Dec 28 19:28:22 +0000 2017,0.0,0.0,1.0,0.0
184,85,CBS,The search is on to find the pro football player with the best off-the-field talent. Vote for your favorite player‚Ä¶ https://t.co/R0fb5ngJ16,Wed Dec 27 22:45:05 +0000 2017,0.875,0.357,0.643,0.0
185,86,CBS,"Celebrate everyone's favorite classic sitcom with Carol Burnett, Vicki Lawrence, and more stars during The Carol Bu‚Ä¶ https://t.co/SaiZ9TzBVO",Wed Dec 27 21:04:10 +0000 2017,0.7717,0.295,0.705,0.0
186,87,CBS,Joy to the world of streaming! Try #CBSAllAccess FREE for 1 month ‚Äì just use code BINGE by 1/2:‚Ä¶ https://t.co/9p1ACnslz6,Wed Dec 27 19:52:02 +0000 2017,0.8452,0.337,0.663,0.0
187,88,CBS,"Music legend Stevie Wonder salutes @LionelRichie while performing his classic hit, ""Easy"" at The 40th Annual Kenned‚Ä¶ https://t.co/7TeDeNyhgo",Wed Dec 27 19:40:34 +0000 2017,0.0,0.0,1.0,0.0
188,89,CBS,"As the youngest Kennedy Center Honoree in 40 years, @LLCoolJ talks about what motivates him to chase his dreams. Wa‚Ä¶ https://t.co/DFY78y99w3",Wed Dec 27 12:00:01 +0000 2017,0.7003,0.234,0.766,0.0
189,90,CBS,Here's to the 2017 Kennedy Center Honorees! Catch up on an evening of stunning performances and inspiring speeches‚Ä¶ https://t.co/jGfANpSCul,Wed Dec 27 07:27:33 +0000 2017,0.8398,0.36,0.64,0.0
190,91,CBS,This celebration could go all night long! What a great final performance in honor of @LionelRichie. #KCHonors https://t.co/xKLWpKr3v0,Wed Dec 27 04:00:52 +0000 2017,0.8221,0.336,0.664,0.0
191,92,CBS,RT @MarkAPrinceJr: A #LionelRichie tribute is not complete without üé∂All Night Longüé∂ üòÅ #KCHonors,Wed Dec 27 03:59:48 +0000 2017,0.0,0.0,1.0,0.0
192,93,CBS,Carmen de Lavallade (@CarmenDances) got emotional during those beautiful performances in her honor. Congratulations‚Ä¶ https://t.co/gOCAZpZDpt,Wed Dec 27 03:36:01 +0000 2017,0.8271,0.42,0.58,0.0
193,94,CBS,RT @Glamourtunist: This tribute to Carmen de Lavallade at the #KCHonors is so beautiful and well deserved. ‚ù§Ô∏è,Wed Dec 27 03:35:29 +0000 2017,0.8103,0.315,0.685,0.0
194,95,CBS,RT @llcoolj: Attn: #HIPHOP !!!! We made history!! #KCHonors,Wed Dec 27 03:03:49 +0000 2017,0.0,0.0,1.0,0.0
195,96,CBS,.@llcoolj is making history! He‚Äôs the Kennedy Center‚Äôs first hip-hop honoree. #KCHonors https://t.co/kCqkOdUjtu,Wed Dec 27 03:03:26 +0000 2017,0.5255,0.22,0.78,0.0
196,97,CBS,RT @ErinAnnCullen: #KCHonors is always a night of inspiration. Thank you to these artists for your impact on our country. ‚ù§Ô∏èüß°üíõüíöüíôüíú,Wed Dec 27 02:57:56 +0000 2017,0.7096,0.247,0.753,0.0
197,98,CBS,Give a round of applause to television pioneer and 2017 Honoree @TheNormanLear! #KCHonors https://t.co/20UosF987x,Wed Dec 27 02:48:52 +0000 2017,0.7345,0.36,0.64,0.0
198,99,CBS,RT @AliL: This tribute to Norman Lear on #KCHonors is outstanding AND a walk down my childhood TV memory lane. üëèüèªüì∫,Wed Dec 27 02:45:34 +0000 2017,0.6124,0.174,0.826,0.0
199,100,CBS,RT @llcoolj: Moments I‚Äôll never forget!!! #KCHonors,Wed Dec 27 02:28:07 +0000 2017,0.3699,0.298,0.702,0.0
200,1,CNN,Meet the Russian Winter Olympians fighting to clear their names https://t.co/PqGxVtUYNs https://t.co/nQYQGoo234,Mon Jan 22 09:50:52 +0000 2018,0.0258,0.172,0.662,0.166
201,2,CNN,Hundreds of Tokyo residents wearing gray bibs took part in the city's first simulated missile attack since the end‚Ä¶ https://t.co/G1iWgKITla,Mon Jan 22 09:39:42 +0000 2018,-0.4767,0.0,0.86,0.14
202,3,CNN,"""We sat there for the entire night. During that time, I heard women and children screaming, men begging the attacke‚Ä¶ https://t.co/nTCQA5B2kN",Mon Jan 22 09:30:26 +0000 2018,-0.3818,0.0,0.88,0.12
203,4,CNN,"America is missing out on a tourism boom. International visitor numbers surged 7% last year, but interest in US tra‚Ä¶ https://t.co/nAY3w1mJoc",Mon Jan 22 09:30:24 +0000 2018,0.5267,0.169,0.763,0.068
204,5,CNN,Turkey's military incursion into northern Syria against Kurdish militia opens yet another front in the seven-year S‚Ä¶ https://t.co/KFWMFrfwMQ,Mon Jan 22 09:22:33 +0000 2018,0.0,0.0,1.0,0.0
205,6,CNN,A new book captures China's stunning terrains and the romance of steam trains https://t.co/K4rz81NjNu (via‚Ä¶ https://t.co/55VicltWrg,Mon Jan 22 09:11:15 +0000 2018,0.7351,0.323,0.677,0.0
206,7,CNN,"Killing NAFTA would cost the United States 300,000 jobs, cut economic growth, hurt stocks and cause prices for cons‚Ä¶ https://t.co/Npv22ZTPa7",Mon Jan 22 09:00:20 +0000 2018,-0.6705,0.178,0.495,0.327
207,8,CNN,"Of all the wealth created in 2017, 82% went to the richest 1%, a new report says https://t.co/Ctv79xsNDg https://t.co/c9EY8Ce8Za",Mon Jan 22 08:53:18 +0000 2018,0.8225,0.364,0.636,0.0
208,9,CNN,Here's how the seizure of a US spy ship by North Korea nearly sparked nuclear war https://t.co/5fAPaxTqGi https://t.co/QODCInoMG1,Mon Jan 22 08:41:33 +0000 2018,-0.5994,0.0,0.804,0.196
209,10,CNN,"Scientists have developed an experimental blood test that may be able to detect 8 types of cancer, study says‚Ä¶ https://t.co/QUXQyORNMl",Mon Jan 22 08:30:19 +0000 2018,-0.6597,0.0,0.804,0.196
210,11,CNN,"For Donald Trump, this time bankruptcy won't get him out of a mess | @deanofcomedy writes for @CNNOpinion‚Ä¶ https://t.co/8pEBHxWF7I",Mon Jan 22 08:18:49 +0000 2018,-0.3612,0.0,0.865,0.135
211,12,CNN,Amazon to (finally) open checkout-free store in Seattle https://t.co/2teT0MP1cM https://t.co/C2wuEw2mID,Mon Jan 22 08:15:57 +0000 2018,0.1779,0.159,0.841,0.0
212,13,CNN,"Four hours. Four banks. Six cents.

It's nearly impossible to withdraw $1 from the bank in Venezuela. Here's how a‚Ä¶ https://t.co/aRml4tSIHO",Mon Jan 22 08:00:28 +0000 2018,0.0,0.0,1.0,0.0
213,14,CNN,Meet the newest player in the global space industry https://t.co/F3zPNGg1Bd,Mon Jan 22 07:58:57 +0000 2018,0.0,0.0,1.0,0.0
214,15,CNN,These are the most innovative car designs set to emerge in 2018 https://t.co/DHy95cPrVw https://t.co/GB6TmelqXX,Mon Jan 22 07:53:28 +0000 2018,0.4927,0.197,0.803,0.0
215,16,CNN,"After promising to search North America for the perfect home for its next HQ, Amazon narrowed its list to 20 cities‚Ä¶ https://t.co/OKQpowS4qc",Mon Jan 22 07:31:52 +0000 2018,0.7964,0.299,0.701,0.0
216,17,CNN,"A growing movement is targeting single-use plastic straws, which are not recyclable and often end up littering the‚Ä¶ https://t.co/jC4ohVZ7Qt",Mon Jan 22 07:30:15 +0000 2018,0.1779,0.091,0.909,0.0
217,18,CNN,The Senate is scheduled to have a key vote at noon Monday on a bill to reopen the government and fund it for three‚Ä¶ https://t.co/BMHAlK2W7b,Mon Jan 22 07:10:10 +0000 2018,0.0,0.0,1.0,0.0
218,19,CNN,"When Saudi Arabia's Jeddah Tower opens in 2020, it will knock Dubai's iconic Burj Khalifa off its throne as the tal‚Ä¶ https://t.co/wdCGaU1C7E",Mon Jan 22 07:00:20 +0000 2018,0.0,0.0,1.0,0.0
219,20,CNN,"""How wonderful it is that our careers today can go beyond 40 years old""

From Nicole Kidman's acceptance speech to‚Ä¶ https://t.co/fJktMSQqcL",Mon Jan 22 06:54:19 +0000 2018,0.7717,0.261,0.739,0.0
220,21,CNN,Meet the Russian Winter Olympians fighting to clear their names https://t.co/PqGxVtUYNs https://t.co/nQYQGoo234,Mon Jan 22 09:50:52 +0000 2018,0.0258,0.172,0.662,0.166
221,22,CNN,Hundreds of Tokyo residents wearing gray bibs took part in the city's first simulated missile attack since the end‚Ä¶ https://t.co/G1iWgKITla,Mon Jan 22 09:39:42 +0000 2018,-0.4767,0.0,0.86,0.14
222,23,CNN,"""We sat there for the entire night. During that time, I heard women and children screaming, men begging the attacke‚Ä¶ https://t.co/nTCQA5B2kN",Mon Jan 22 09:30:26 +0000 2018,-0.3818,0.0,0.88,0.12
223,24,CNN,"America is missing out on a tourism boom. International visitor numbers surged 7% last year, but interest in US tra‚Ä¶ https://t.co/nAY3w1mJoc",Mon Jan 22 09:30:24 +0000 2018,0.5267,0.169,0.763,0.068
224,25,CNN,Turkey's military incursion into northern Syria against Kurdish militia opens yet another front in the seven-year S‚Ä¶ https://t.co/KFWMFrfwMQ,Mon Jan 22 09:22:33 +0000 2018,0.0,0.0,1.0,0.0
225,26,CNN,A new book captures China's stunning terrains and the romance of steam trains https://t.co/K4rz81NjNu (via‚Ä¶ https://t.co/55VicltWrg,Mon Jan 22 09:11:15 +0000 2018,0.7351,0.323,0.677,0.0
226,27,CNN,"Killing NAFTA would cost the United States 300,000 jobs, cut economic growth, hurt stocks and cause prices for cons‚Ä¶ https://t.co/Npv22ZTPa7",Mon Jan 22 09:00:20 +0000 2018,-0.6705,0.178,0.495,0.327
227,28,CNN,"Of all the wealth created in 2017, 82% went to the richest 1%, a new report says https://t.co/Ctv79xsNDg https://t.co/c9EY8Ce8Za",Mon Jan 22 08:53:18 +0000 2018,0.8225,0.364,0.636,0.0
228,29,CNN,Here's how the seizure of a US spy ship by North Korea nearly sparked nuclear war https://t.co/5fAPaxTqGi https://t.co/QODCInoMG1,Mon Jan 22 08:41:33 +0000 2018,-0.5994,0.0,0.804,0.196
229,30,CNN,"Scientists have developed an experimental blood test that may be able to detect 8 types of cancer, study says‚Ä¶ https://t.co/QUXQyORNMl",Mon Jan 22 08:30:19 +0000 2018,-0.6597,0.0,0.804,0.196
230,31,CNN,"For Donald Trump, this time bankruptcy won't get him out of a mess | @deanofcomedy writes for @CNNOpinion‚Ä¶ https://t.co/8pEBHxWF7I",Mon Jan 22 08:18:49 +0000 2018,-0.3612,0.0,0.865,0.135
231,32,CNN,Amazon to (finally) open checkout-free store in Seattle https://t.co/2teT0MP1cM https://t.co/C2wuEw2mID,Mon Jan 22 08:15:57 +0000 2018,0.1779,0.159,0.841,0.0
232,33,CNN,"Four hours. Four banks. Six cents.

It's nearly impossible to withdraw $1 from the bank in Venezuela. Here's how a‚Ä¶ https://t.co/aRml4tSIHO",Mon Jan 22 08:00:28 +0000 2018,0.0,0.0,1.0,0.0
233,34,CNN,Meet the newest player in the global space industry https://t.co/F3zPNGg1Bd,Mon Jan 22 07:58:57 +0000 2018,0.0,0.0,1.0,0.0
234,35,CNN,These are the most innovative car designs set to emerge in 2018 https://t.co/DHy95cPrVw https://t.co/GB6TmelqXX,Mon Jan 22 07:53:28 +0000 2018,0.4927,0.197,0.803,0.0
235,36,CNN,"After promising to search North America for the perfect home for its next HQ, Amazon narrowed its list to 20 cities‚Ä¶ https://t.co/OKQpowS4qc",Mon Jan 22 07:31:52 +0000 2018,0.7964,0.299,0.701,0.0
236,37,CNN,"A growing movement is targeting single-use plastic straws, which are not recyclable and often end up littering the‚Ä¶ https://t.co/jC4ohVZ7Qt",Mon Jan 22 07:30:15 +0000 2018,0.1779,0.091,0.909,0.0
237,38,CNN,The Senate is scheduled to have a key vote at noon Monday on a bill to reopen the government and fund it for three‚Ä¶ https://t.co/BMHAlK2W7b,Mon Jan 22 07:10:10 +0000 2018,0.0,0.0,1.0,0.0
238,39,CNN,"When Saudi Arabia's Jeddah Tower opens in 2020, it will knock Dubai's iconic Burj Khalifa off its throne as the tal‚Ä¶ https://t.co/wdCGaU1C7E",Mon Jan 22 07:00:20 +0000 2018,0.0,0.0,1.0,0.0
239,40,CNN,"""How wonderful it is that our careers today can go beyond 40 years old""

From Nicole Kidman's acceptance speech to‚Ä¶ https://t.co/fJktMSQqcL",Mon Jan 22 06:54:19 +0000 2018,0.7717,0.261,0.739,0.0
240,41,CNN,Turkey's military incursion into northern Syria against Kurdish militia opens yet another front in the seven-year S‚Ä¶ https://t.co/wqw8DftNcw,Mon Jan 22 06:45:08 +0000 2018,0.0,0.0,1.0,0.0
241,42,CNN,Groundbreaking medical marijuana case lets little girl go back to school https://t.co/XWHxRbDMnL https://t.co/mnQwYajeC7,Mon Jan 22 06:38:06 +0000 2018,0.0,0.0,1.0,0.0
242,43,CNN,"YouTube and Facebook are trying to stop the spread of the Tide Pod Challenge, a bizarre and dangerous online craze‚Ä¶ https://t.co/7rIQbk6n5s",Mon Jan 22 06:30:15 +0000 2018,-0.743,0.052,0.643,0.305
243,44,CNN,Julia Louis-Dreyfus misses #SAGAwards amid cancer battle but still makes history by becoming the most decorated act‚Ä¶ https://t.co/RNmXsobkxH,Mon Jan 22 06:22:03 +0000 2018,-0.6059,0.0,0.716,0.284
244,45,CNN,The 2018 Women's March in photos: Here are the faces of people who participated across the world‚Ä¶ https://t.co/R6oCSPIosf,Mon Jan 22 06:00:12 +0000 2018,0.0,0.0,1.0,0.0
245,46,CNN,"This ""woke"" grandma's message embodies the spirit of the Women's March https://t.co/gXgtg63odx https://t.co/9X1AJHXPjE",Mon Jan 22 05:30:30 +0000 2018,0.1779,0.124,0.876,0.0
246,47,CNN,New York Gov. Cuomo to keep Statue of Liberty open during shutdown https://t.co/elvhr7pCNA https://t.co/XROVZzd7Ga,Mon Jan 22 05:13:24 +0000 2018,0.5267,0.207,0.793,0.0
247,48,CNN,"""It is not up to women of color to save this country from itself. That's on all of us."" Planned Parenthood Presiden‚Ä¶ https://t.co/a3gRwrPhUR",Mon Jan 22 05:02:18 +0000 2018,0.4939,0.127,0.873,0.0
248,49,CNN,Meet the Russian Winter Olympians fighting to clear their names https://t.co/ssFY6RycbU,Mon Jan 22 05:00:08 +0000 2018,0.0258,0.184,0.638,0.177
249,50,CNN,"In New Jersey, it's now against the law to fly a drone while under the influence of alcohol or drugs‚Ä¶ https://t.co/5vZrat0BJc",Mon Jan 22 04:53:43 +0000 2018,0.0,0.0,1.0,0.0
250,51,CNN,Demonstrators turn out Sunday for second straight day of Women's Marches https://t.co/QtPYmGX2iB https://t.co/Hy6FNhByAV,Mon Jan 22 04:45:05 +0000 2018,0.2263,0.137,0.863,0.0
251,52,CNN,"From New York to Seattle, check out these aerial views of the Women's March across the country‚Ä¶ https://t.co/j8uUXijtR1",Mon Jan 22 04:30:59 +0000 2018,0.0,0.0,1.0,0.0
252,53,CNN,"Cher speaks at the Women's March in Las Vegas, saying this is ""one of the worst times in our history"" and that wome‚Ä¶ https://t.co/SBgO923Pra",Mon Jan 22 04:15:06 +0000 2018,-0.6249,0.0,0.849,0.151
253,54,CNN,"RT @CNNent: ""This Is Us"" wins big as outstanding drama series at the #SAGAwards, the first major network win in the category since 2006. ht‚Ä¶",Mon Jan 22 04:08:02 +0000 2018,0.91,0.343,0.657,0.0
254,55,CNN,"Natalie Portman said experiencing ""sexual terrorism"" at the age of 13 made her feel the need to cover her body and‚Ä¶ https://t.co/dBO1ENw1oU",Mon Jan 22 04:02:49 +0000 2018,-0.6808,0.0,0.82,0.18
255,56,CNN,These are the most innovative car designs set to emerge in 2018 https://t.co/NXmYxmLvPG https://t.co/Lu0pjXxy6P,Mon Jan 22 03:45:04 +0000 2018,0.4927,0.197,0.803,0.0
256,57,CNN,DACA on mind of rallygoers in Las Vegas as shutdown negotiations continue https://t.co/2joUBbQVEm https://t.co/MBQhEKWwT8,Mon Jan 22 03:38:02 +0000 2018,0.0,0.0,1.0,0.0
257,58,CNN,Dan Rather launching weekly show with progressive outlet The Young Turks Network https://t.co/L5NcsUPb09 https://t.co/m5rcAGsJ8c,Mon Jan 22 03:30:16 +0000 2018,0.0,0.0,1.0,0.0
258,59,CNN,A Maryland-based charity has promised to ensure the families of fallen troops will be paid survivor benefits during‚Ä¶ https://t.co/vyNuTZGvfb,Mon Jan 22 03:22:06 +0000 2018,0.8591,0.473,0.436,0.091
259,60,CNN,Supreme Court Justice Ruth Bader Ginsburg praises the #MeToo movement and reveals one of her own experiences with s‚Ä¶ https://t.co/SQKbtv0oBi,Mon Jan 22 03:15:13 +0000 2018,0.886,0.38,0.62,0.0
260,61,CNN,"""Three Billboards Outside Ebbing, Missouri"" wins Outstanding Performance by a Cast in a Motion Picture.‚Ä¶ https://t.co/rU8zw8vTgC",Mon Jan 22 03:02:47 +0000 2018,0.8271,0.391,0.609,0.0
261,62,CNN,Nicole Kidman took home the #SAGAwards for outstanding performance by a female actor in a TV movie or limited serie‚Ä¶ https://t.co/3bQF2kmQzY,Mon Jan 22 03:02:06 +0000 2018,0.4767,0.175,0.742,0.083
262,63,CNN,Europe is breathing a sigh of relief over Germany https://t.co/sibSjzBaRv https://t.co/hDo4OQ2CsC,Mon Jan 22 03:00:13 +0000 2018,0.4939,0.344,0.656,0.0
263,64,CNN,Frances McDormand wins Outstanding Performance by a Female Actor in a Leading Role. https://t.co/cPly9Wzl8b‚Ä¶ https://t.co/0pnW5sXMV1,Mon Jan 22 02:58:56 +0000 2018,0.8271,0.412,0.588,0.0
264,65,CNN,The Senate is scheduled to vote on ending the shutdown at noon Monday. Majority Leader Mitch McConnell says he woul‚Ä¶ https://t.co/x8wZNaxX4P,Mon Jan 22 02:53:07 +0000 2018,0.0,0.0,1.0,0.0
265,66,CNN,Gary Oldman wins Outstanding Performance by a Male Actor in a Leading Role. https://t.co/cPly9Wzl8b #SAGAwards https://t.co/ixoZxgSplC,Mon Jan 22 02:49:05 +0000 2018,0.8271,0.391,0.609,0.0
266,67,CNN,A new cache of text messages exchanged between two top FBI officials that have come under fire for criticizing then‚Ä¶ https://t.co/qzgyE1MVks,Mon Jan 22 02:45:06 +0000 2018,-0.4767,0.076,0.717,0.207
267,68,CNN,"""This Is Us"" wins Outstanding Performance by an Ensemble in a Drama Series. https://t.co/cPly9Wzl8b #SAGAwards https://t.co/QnEFVBXweh",Mon Jan 22 02:44:25 +0000 2018,0.8271,0.372,0.628,0.0
268,69,CNN,"JUST IN: The federal government remains shut down, CNN's Manu Raju reports. There won't be a vote tonight. https://t.co/vy63uQZYRw",Mon Jan 22 02:43:39 +0000 2018,0.0,0.0,1.0,0.0
269,70,CNN,Kristen Bell kicks off #SAGAwards with a jab at First Lady Melania Trump https://t.co/q1WJtuTDU1 https://t.co/kw0Afu4uNN,Mon Jan 22 02:38:03 +0000 2018,0.0,0.0,1.0,0.0
270,71,CNN,Claire Foy wins Outstanding Performance by a Female Actor in a Drama Series. https://t.co/cPly9Wzl8b #SAGAwards https://t.co/aSlYEbos7Y,Mon Jan 22 02:32:54 +0000 2018,0.8271,0.391,0.609,0.0
271,72,CNN,"Gunmen have raided a hotel in Kabul, killing at least 18 people during a 12-hour standoff, Afghan officials say‚Ä¶ https://t.co/j9kasmK6yo",Mon Jan 22 02:30:16 +0000 2018,-0.6597,0.0,0.794,0.206
272,73,CNN,Sterling K. Brown wins Outstanding Performance by a Male Actor in a Drama Series. https://t.co/cPly9Wzl8b #SAGAwards https://t.co/awSnjf0cyJ,Mon Jan 22 02:26:45 +0000 2018,0.8271,0.372,0.628,0.0
273,74,CNN,RT @CNNent: A look at the life and career of Morgan Freeman. The actor received a Lifetime Achievement Award at the 2018 #SAGAwards. https:‚Ä¶,Mon Jan 22 02:17:17 +0000 2018,0.7351,0.237,0.763,0.0
274,75,CNN,The 1% grabbed 82% of all wealth created in 2017 https://t.co/fEHnwRDWdX https://t.co/qfbPXaiiFA,Mon Jan 22 02:15:07 +0000 2018,0.6369,0.342,0.658,0.0
275,76,CNN,Morgan Freeman receives Lifetime Achievement Award. https://t.co/NooctD19aC #SAGAwards https://t.co/DJMeWOeFRH,Mon Jan 22 02:12:11 +0000 2018,0.7351,0.47,0.53,0.0
276,77,CNN,RT @CNNent: Gallery: Your favorite movies and TV shows that won big at Sunday's #SAGAwards. https://t.co/cRd1CedWtI,Mon Jan 22 02:01:02 +0000 2018,0.7717,0.324,0.676,0.0
277,78,CNN,Amazon to (finally) open checkout-free store in Seattle https://t.co/KDxGTwDVGT https://t.co/j3ImHJyAB2,Mon Jan 22 02:00:20 +0000 2018,0.1779,0.159,0.841,0.0
278,79,CNN,Nicole Kidman wins Outstanding Performance by a Female Actor in a TV Movie or Limited Series.‚Ä¶ https://t.co/Koh8kveNo2,Mon Jan 22 01:53:46 +0000 2018,0.7783,0.356,0.556,0.088
279,80,CNN,White House changes public voice mail to blame Democrats for shutdown https://t.co/afUSsexqeB https://t.co/FQtBkhXcyM,Mon Jan 22 01:45:06 +0000 2018,-0.34,0.0,0.833,0.167
280,81,CNN,Alexander Skarsg√•rd wins Outstanding Performance by a Male Actor in a TV Movie or Limited Series.‚Ä¶ https://t.co/0WFapRDqtx,Mon Jan 22 01:43:16 +0000 2018,0.7783,0.356,0.556,0.088
281,82,CNN,RT @CNNent: Follow along as we keep track of the big winners at Sunday's #SAGAwards. https://t.co/e790RjYlMG,Mon Jan 22 01:39:52 +0000 2018,0.4767,0.171,0.829,0.0
282,83,CNN,Sam Rockwell wins Outstanding Performance by a Male Actor in a Supporting Role. https://t.co/cPly9Wzl8b #SAGAwards https://t.co/yAzHv9BNrb,Mon Jan 22 01:33:41 +0000 2018,0.891,0.491,0.509,0.0
283,84,CNN,These are the lesser-known effects of a government shutdown https://t.co/RY8xVVlrPB https://t.co/jGYrssrab8,Mon Jan 22 01:30:03 +0000 2018,0.0,0.0,1.0,0.0
284,85,CNN,Allison Janney wins Outstanding Performance by a Female Actor in a Supporting Role. https://t.co/cPly9Wzl8b‚Ä¶ https://t.co/XAuD4xuNNL,Mon Jan 22 01:28:30 +0000 2018,0.891,0.515,0.485,0.0
285,86,CNN,"""Veep"" wins Outstanding Performance by an Ensemble in a Comedy Series. https://t.co/cPly9Wzl8b #SAGAwards https://t.co/1oJ7HDaNpU",Mon Jan 22 01:18:16 +0000 2018,0.8807,0.505,0.495,0.0
286,87,CNN,Women take center stage at the SAG Awards https://t.co/U0ZaRKU6w0 https://t.co/fRQYZr5J0q,Mon Jan 22 01:15:04 +0000 2018,0.4588,0.25,0.75,0.0
287,88,CNN,Julia Louis-Dreyfus wins Outstanding Performance by a Female Actor in a Comedy Series. https://t.co/cPly9Wzl8b‚Ä¶ https://t.co/2wuDVWDM1J,Mon Jan 22 01:13:49 +0000 2018,0.8807,0.505,0.495,0.0
288,89,CNN,William H. Macy wins Outstanding Performance by a Male Actor in a Comedy Series. https://t.co/cPly9Wzl8b #SAGAwards https://t.co/sFWDcVgczu,Mon Jan 22 01:09:40 +0000 2018,0.8807,0.459,0.541,0.0
289,90,CNN,Here's the full list of the 2018 Screen Actors Guild Awards nominations: https://t.co/5sjsy9wCyT. @CNNent will be u‚Ä¶ https://t.co/hR1vMGqlT1,Mon Jan 22 01:00:07 +0000 2018,0.4588,0.15,0.85,0.0
290,91,CNN,"On the shutdown, Democrats have a lot of explaining to do https://t.co/vJmTGHkEFV | via @CNNOpinion https://t.co/TkZX9zW0UM",Mon Jan 22 00:45:06 +0000 2018,0.0,0.0,1.0,0.0
291,92,CNN,Congress is scrambling to reach a deal to reopen the government after it shut down Friday. Follow CNN's live blog f‚Ä¶ https://t.co/acihclf7QW,Mon Jan 22 00:30:09 +0000 2018,0.0258,0.052,0.948,0.0
292,93,CNN,"""Dealmaker in chief"" largely absent in weekend shutdown negotiations https://t.co/ssPxVKMMQh https://t.co/LgRobFjMMz",Mon Jan 22 00:15:15 +0000 2018,0.0,0.0,1.0,0.0
293,94,CNN,"Democratic Sen. Chuck Schumer speaking at Capitol Hill: ""We are in a Trump shutdown. ... It all really stems from t‚Ä¶ https://t.co/ZZqLMApoP3",Mon Jan 22 00:00:17 +0000 2018,0.0,0.0,1.0,0.0
294,95,CNN,How the shutdown could hurt Wall Street's top regulator https://t.co/aX7O3LIhqP https://t.co/5gTnppEPxC,Sun Jan 21 23:45:05 +0000 2018,-0.3818,0.127,0.634,0.239
295,96,CNN,Interior Secretary Ryan Zinke says national parks shouldn't be a bargaining chip in the shutdown showdown‚Ä¶ https://t.co/wx0RwXNfni,Sun Jan 21 23:30:09 +0000 2018,0.0,0.0,1.0,0.0
296,97,CNN,Why I march: People reveal what compelled them to rally across the US https://t.co/YTLa1qYOTB https://t.co/vCMZp00TSc,Sun Jan 21 23:15:06 +0000 2018,0.0516,0.085,0.915,0.0
297,98,CNN,Republican Sen. Rand Paul says Democrats spiked his immigration compromise to end shutdown https://t.co/LaZBMpZuPV https://t.co/4aDj8rtWP3,Sun Jan 21 23:00:42 +0000 2018,0.0,0.0,1.0,0.0
298,99,CNN,"Sen. Bernie Sanders on Republicans having control of Congress and the White House: ‚ÄúThese guys, especially the Pres‚Ä¶ https://t.co/1D8iDmwxA4",Sun Jan 21 22:45:10 +0000 2018,0.0,0.0,1.0,0.0
299,100,CNN,"""I will not be lectured about what our military needs by a five-deferment draft dodger."" Democratic Sen. Tammy Duck‚Ä¶ https://t.co/SutXxK9Hzs",Sun Jan 21 22:31:45 +0000 2018,0.0,0.0,1.0,0.0
300,1,FoxNews,".@StephenBaldwin7: ""It's pretty clear that the progressive movement is going to do everything it can to message as‚Ä¶ https://t.co/fRrRq6lQOn",Mon Jan 22 09:52:01 +0000 2018,0.7003,0.254,0.746,0.0
301,2,FoxNews,".@Jim_Jordan: ""The Democrat National Committee and the Clinton campaign paid Fusion GPS who paid Christopher Steele‚Ä¶ https://t.co/ZPCaPrBMPT",Mon Jan 22 09:40:04 +0000 2018,0.0,0.0,1.0,0.0
302,3,FoxNews,".@JudgeJeanine: ""To show you how mean-spirited the Democrats are, they are shutting the government down over a bill‚Ä¶ https://t.co/CUutRE544d",Mon Jan 22 09:30:04 +0000 2018,0.0,0.0,1.0,0.0
303,4,FoxNews,"On @foxandfriends, @DiamondandSilk assailed Senate Democrats for allegedly turning ""choosing other people over the‚Ä¶ https://t.co/4IxLkPRqSN",Mon Jan 22 09:22:06 +0000 2018,0.0,0.0,1.0,0.0
304,5,FoxNews,"On ""Justice,"" Senior Counselor to the president @KellyannePolls told @JudgeJeanine that @realDonaldTrump's presiden‚Ä¶ https://t.co/zj4YfbI3sI",Mon Jan 22 09:21:06 +0000 2018,0.0,0.0,1.0,0.0
305,6,FoxNews,"Philippines volcano sends huge plume of ash into sky, prompts warning from officials https://t.co/oWgWtRJZ1J via‚Ä¶ https://t.co/wpqcCkP7dK",Mon Jan 22 09:18:33 +0000 2018,-0.0258,0.123,0.749,0.128
306,7,FoxNews,.@newtgingrich: @POTUS's first year proves we are incredibly fortunate to have him as our president‚Ä¶ https://t.co/MzS5ALN6EP,Mon Jan 22 09:14:00 +0000 2018,0.4927,0.176,0.824,0.0
307,8,FoxNews,".@GOPChairwoman: ""We are in the right position to keep those majorities"" in 2018. https://t.co/1snkJkzLXw",Mon Jan 22 09:11:05 +0000 2018,0.0,0.0,1.0,0.0
308,9,FoxNews,".@mercedesschlapp: ""These Democrats could stop holding hostage our military families, our troops, these vulnerable‚Ä¶ https://t.co/njsiE9T6VP",Mon Jan 22 09:04:02 +0000 2018,-0.296,0.0,0.864,0.136
309,10,FoxNews,".@TomiLahren: ""We've got the Democrats - @chuckschumer included - who are putting illegal immigrants over the milit‚Ä¶ https://t.co/DITBQytPA2",Mon Jan 22 09:00:03 +0000 2018,-0.5574,0.0,0.806,0.194
310,11,FoxNews,Sen. Doug Jones co-sponsors bill to pay military during government shutdown https://t.co/XaRNZvbp3g via @LukasMikelionis,Mon Jan 22 08:54:30 +0000 2018,-0.1027,0.0,0.903,0.097
311,12,FoxNews,China threatens military buildup in South China Sea after US Navy warship's passage: paper https://t.co/QK7KKLzqDI,Mon Jan 22 08:40:43 +0000 2018,-0.3818,0.0,0.843,0.157
312,13,FoxNews,".@EricTrump: ""People have seen a year that's incredible, that's been filled with nothing but the best for our count‚Ä¶ https://t.co/FMtiU6UzsU",Mon Jan 22 08:38:06 +0000 2018,-0.6759,0.0,0.798,0.202
313,14,FoxNews,"On @foxandfriends, @SebGorka gave his prediction for how the government #shutdown will end. https://t.co/OHVN1WSDAZ https://t.co/WwGjuEmRIE",Mon Jan 22 08:34:05 +0000 2018,0.0,0.0,1.0,0.0
314,15,FoxNews,".@LouDobbs: ""I can't imagine why people would hire illegal immigrants and then turn themselves in to authorities. S‚Ä¶ https://t.co/ANUn0D3Tcs",Mon Jan 22 08:25:03 +0000 2018,-0.5574,0.0,0.833,0.167
315,16,FoxNews,".@EricTrump: ""People have seen a year that's incredible, that's been filled with nothing but the best for our count‚Ä¶ https://t.co/HXIYjP77Fw",Mon Jan 22 08:20:03 +0000 2018,-0.6759,0.0,0.798,0.202
316,17,FoxNews,"On ""Fox Report,"" @BlakemanB blasted the legacy of President @BillClinton and @HillaryClinton.‚Ä¶ https://t.co/LQYVhOB8zh",Mon Jan 22 08:05:02 +0000 2018,0.0,0.0,1.0,0.0
317,18,FoxNews,".@SteveHiltonx: ""It's perfectly obvious that this shutdown is engineered by @TheDemocrats in order to pander to the‚Ä¶ https://t.co/Ge1ug03kUl",Mon Jan 22 08:00:06 +0000 2018,0.6369,0.198,0.802,0.0
318,19,FoxNews,".@RoyBlunt: ""This is the #SchumerShutdown. There is no reason for this to have occurred."" https://t.co/z8ezVqZyLu",Mon Jan 22 08:00:06 +0000 2018,-0.296,0.0,0.864,0.136
319,20,FoxNews,"Empire State Building lights up to honor Eagles, Patriots and New Yorkers are not happy https://t.co/nMsb2kWJkK via @RyanGaydos",Mon Jan 22 07:58:16 +0000 2018,0.0521,0.144,0.721,0.135
320,21,FoxNews,".@StephenBaldwin7: ""It's pretty clear that the progressive movement is going to do everything it can to message as‚Ä¶ https://t.co/fRrRq6lQOn",Mon Jan 22 09:52:01 +0000 2018,0.7003,0.254,0.746,0.0
321,22,FoxNews,".@Jim_Jordan: ""The Democrat National Committee and the Clinton campaign paid Fusion GPS who paid Christopher Steele‚Ä¶ https://t.co/ZPCaPrBMPT",Mon Jan 22 09:40:04 +0000 2018,0.0,0.0,1.0,0.0
322,23,FoxNews,".@JudgeJeanine: ""To show you how mean-spirited the Democrats are, they are shutting the government down over a bill‚Ä¶ https://t.co/CUutRE544d",Mon Jan 22 09:30:04 +0000 2018,0.0,0.0,1.0,0.0
323,24,FoxNews,"On @foxandfriends, @DiamondandSilk assailed Senate Democrats for allegedly turning ""choosing other people over the‚Ä¶ https://t.co/4IxLkPRqSN",Mon Jan 22 09:22:06 +0000 2018,0.0,0.0,1.0,0.0
324,25,FoxNews,"On ""Justice,"" Senior Counselor to the president @KellyannePolls told @JudgeJeanine that @realDonaldTrump's presiden‚Ä¶ https://t.co/zj4YfbI3sI",Mon Jan 22 09:21:06 +0000 2018,0.0,0.0,1.0,0.0
325,26,FoxNews,"Philippines volcano sends huge plume of ash into sky, prompts warning from officials https://t.co/oWgWtRJZ1J via‚Ä¶ https://t.co/wpqcCkP7dK",Mon Jan 22 09:18:33 +0000 2018,-0.0258,0.123,0.749,0.128
326,27,FoxNews,.@newtgingrich: @POTUS's first year proves we are incredibly fortunate to have him as our president‚Ä¶ https://t.co/MzS5ALN6EP,Mon Jan 22 09:14:00 +0000 2018,0.4927,0.176,0.824,0.0
327,28,FoxNews,".@GOPChairwoman: ""We are in the right position to keep those majorities"" in 2018. https://t.co/1snkJkzLXw",Mon Jan 22 09:11:05 +0000 2018,0.0,0.0,1.0,0.0
328,29,FoxNews,".@mercedesschlapp: ""These Democrats could stop holding hostage our military families, our troops, these vulnerable‚Ä¶ https://t.co/njsiE9T6VP",Mon Jan 22 09:04:02 +0000 2018,-0.296,0.0,0.864,0.136
329,30,FoxNews,".@TomiLahren: ""We've got the Democrats - @chuckschumer included - who are putting illegal immigrants over the milit‚Ä¶ https://t.co/DITBQytPA2",Mon Jan 22 09:00:03 +0000 2018,-0.5574,0.0,0.806,0.194
330,31,FoxNews,Sen. Doug Jones co-sponsors bill to pay military during government shutdown https://t.co/XaRNZvbp3g via @LukasMikelionis,Mon Jan 22 08:54:30 +0000 2018,-0.1027,0.0,0.903,0.097
331,32,FoxNews,China threatens military buildup in South China Sea after US Navy warship's passage: paper https://t.co/QK7KKLzqDI,Mon Jan 22 08:40:43 +0000 2018,-0.3818,0.0,0.843,0.157
332,33,FoxNews,".@EricTrump: ""People have seen a year that's incredible, that's been filled with nothing but the best for our count‚Ä¶ https://t.co/FMtiU6UzsU",Mon Jan 22 08:38:06 +0000 2018,-0.6759,0.0,0.798,0.202
333,34,FoxNews,"On @foxandfriends, @SebGorka gave his prediction for how the government #shutdown will end. https://t.co/OHVN1WSDAZ https://t.co/WwGjuEmRIE",Mon Jan 22 08:34:05 +0000 2018,0.0,0.0,1.0,0.0
334,35,FoxNews,".@LouDobbs: ""I can't imagine why people would hire illegal immigrants and then turn themselves in to authorities. S‚Ä¶ https://t.co/ANUn0D3Tcs",Mon Jan 22 08:25:03 +0000 2018,-0.5574,0.0,0.833,0.167
335,36,FoxNews,".@EricTrump: ""People have seen a year that's incredible, that's been filled with nothing but the best for our count‚Ä¶ https://t.co/HXIYjP77Fw",Mon Jan 22 08:20:03 +0000 2018,-0.6759,0.0,0.798,0.202
336,37,FoxNews,"On ""Fox Report,"" @BlakemanB blasted the legacy of President @BillClinton and @HillaryClinton.‚Ä¶ https://t.co/LQYVhOB8zh",Mon Jan 22 08:05:02 +0000 2018,0.0,0.0,1.0,0.0
337,38,FoxNews,".@SteveHiltonx: ""It's perfectly obvious that this shutdown is engineered by @TheDemocrats in order to pander to the‚Ä¶ https://t.co/Ge1ug03kUl",Mon Jan 22 08:00:06 +0000 2018,0.6369,0.198,0.802,0.0
338,39,FoxNews,".@RoyBlunt: ""This is the #SchumerShutdown. There is no reason for this to have occurred."" https://t.co/z8ezVqZyLu",Mon Jan 22 08:00:06 +0000 2018,-0.296,0.0,0.864,0.136
339,40,FoxNews,"Empire State Building lights up to honor Eagles, Patriots and New Yorkers are not happy https://t.co/nMsb2kWJkK via @RyanGaydos",Mon Jan 22 07:58:16 +0000 2018,0.0521,0.144,0.721,0.135
340,41,FoxNews,".@RepDeSantis: ""[@TheDemocrats] have sent a signal to the American people that says, 'We care about giving benefits‚Ä¶ https://t.co/TfbE74BJUE",Mon Jan 22 07:55:01 +0000 2018,0.6808,0.272,0.728,0.0
341,42,FoxNews,".@SebGorka: ""@TheDemocrats say illegal immigrants are the priority over Americans and that's just shameful.""‚Ä¶ https://t.co/Fz0v0TbWl5",Mon Jan 22 07:48:05 +0000 2018,-0.5574,0.0,0.795,0.205
342,43,FoxNews,".@dbongino: ""It's about @TheDemocrats sticking it to @realDonaldTrump and  the American taxpayer citizens that vote‚Ä¶ https://t.co/Ww3BbjwgQM",Mon Jan 22 07:41:04 +0000 2018,0.0,0.0,1.0,0.0
343,44,FoxNews,".@AnnCoulter: ""If [@POTUS] doesn't build the wall and deport illegals, this country is over."" https://t.co/8PkGHGYC4m",Mon Jan 22 07:38:04 +0000 2018,0.0,0.0,1.0,0.0
344,45,FoxNews,Trump's relationship with top Dems 'deteriorating' amid shutdown standoff https://t.co/9tZJC1J6MM via @LukasMikelionis,Mon Jan 22 07:19:53 +0000 2018,0.2023,0.141,0.859,0.0
345,46,FoxNews,".@BlakemanB: ""History is not going to be kind... to the fact that the Clintons put us through years of torture in p‚Ä¶ https://t.co/SrMs2b7SnA",Mon Jan 22 07:15:06 +0000 2018,-0.5994,0.0,0.849,0.151
346,47,FoxNews,".@SteveDaines: ""The reason that the government has shut down is because of a controversial illegal immigration poli‚Ä¶ https://t.co/8K6HuzCMJR",Mon Jan 22 07:09:05 +0000 2018,-0.6597,0.0,0.735,0.265
347,48,FoxNews,".@LouDobbs: ""We have needed a wall for a long time. We now, right now, have returned to the same levels of apprehen‚Ä¶ https://t.co/cxhOiOOouu",Mon Jan 22 06:54:06 +0000 2018,0.0,0.0,1.0,0.0
348,49,FoxNews,".@DiamondandSilk: ""Who [#WomensMarch celebrities] needed to be preaching to is preach to liberal Hollywood, that's‚Ä¶ https://t.co/IJcoaF57cO",Mon Jan 22 06:42:06 +0000 2018,0.0,0.0,1.0,0.0
349,50,FoxNews,California Democrats want some businesses to fork over half tax-cut savings to state https://t.co/0HMsqKiJ6h via @EDeMarche,Mon Jan 22 06:33:54 +0000 2018,0.0772,0.08,0.92,0.0
350,51,FoxNews,"Ben Stein: ""It shocks me that @TheDemocrats would close the government down when government spending on defense is‚Ä¶ https://t.co/3r7kmatWDj",Mon Jan 22 06:12:01 +0000 2018,-0.2732,0.071,0.806,0.123
351,52,FoxNews,".@DrDarrinPorcher: ""@POTUS is taking a forward step in trying to protect us as a nation."" https://t.co/BxowNqx7HG",Mon Jan 22 05:54:01 +0000 2018,0.3818,0.167,0.833,0.0
352,53,FoxNews,.@SenSchumer on illegal immigrants in 2009. https://t.co/2KfJDr32e0 https://t.co/oAktBKmSa2,Mon Jan 22 05:42:04 +0000 2018,-0.5574,0.0,0.66,0.34
353,54,FoxNews,".@FranklinGraham: ""I'm just grateful to the president. I find him to be an honest person. I find him to be a person‚Ä¶ https://t.co/RSB2MDSDJT",Mon Jan 22 05:14:02 +0000 2018,0.743,0.259,0.741,0.0
354,55,FoxNews,".@RepDavid: ""This isn't a logjam over policy. In many ways when you look at the Senate, it's almost a policy to be‚Ä¶ https://t.co/YwyT8z2dga",Mon Jan 22 05:00:05 +0000 2018,0.0,0.0,1.0,0.0
355,56,FoxNews,"On the one-year anniversary of @realDonaldTrump's inauguration, a #Trump supporter holds signs in front of the U.S‚Ä¶ https://t.co/bbjH6cfgWi",Mon Jan 22 04:56:06 +0000 2018,0.2732,0.116,0.884,0.0
356,57,FoxNews,Gutierrez: Let Trump Build 'Offensive' Wall If 800K DACA Recipients Stay Protected https://t.co/gPb3UsoQJQ https://t.co/uEXJtisls2,Mon Jan 22 04:55:03 +0000 2018,0.4404,0.182,0.818,0.0
357,58,FoxNews,.@RepGutierrez: Let @POTUS Build 'Offensive' Wall If 800K DACA Recipients Stay Protected https://t.co/gPb3UsoQJQ https://t.co/UyB9Fu8wVn,Mon Jan 22 04:41:03 +0000 2018,0.4404,0.182,0.818,0.0
358,59,FoxNews,.@HillaryClinton on a illegal immigration and border security in 2015. https://t.co/2KfJDr32e0 https://t.co/RC9V4qPqrR,Mon Jan 22 04:41:01 +0000 2018,-0.296,0.16,0.6,0.24
359,60,FoxNews,".@Jim_Jordan: ""The Democrat National Committee and the Clinton campaign paid Fusion GPS who paid Christopher Steele‚Ä¶ https://t.co/Ra4sutjWL4",Mon Jan 22 04:25:03 +0000 2018,0.0,0.0,1.0,0.0
360,61,FoxNews,"On ""Justice,"" Senior Counselor to the president @KellyannePolls told @JudgeJeanine that @realDonaldTrump's presiden‚Ä¶ https://t.co/ZbxvDD3NTu",Mon Jan 22 04:16:22 +0000 2018,0.0,0.0,1.0,0.0
361,62,FoxNews,"Aziz Ansari receives no applause, skips the Screen Actors Guild Awards amid sexual misconduct controversy https://t.co/lOuZC5UMPd",Mon Jan 22 04:13:03 +0000 2018,0.5574,0.276,0.619,0.105
362,63,FoxNews,"Yesterday, @HillaryClinton tweeted about the #WomensMarch2018. https://t.co/Dax5im91Kh https://t.co/R5uyzU9YLk",Mon Jan 22 04:07:03 +0000 2018,0.0,0.0,1.0,0.0
363,64,FoxNews,".@JudgeJeanine: ""To show you how mean-spirited the Democrats are, they are shutting the government down over a bill‚Ä¶ https://t.co/G7nWbe3a6d",Mon Jan 22 04:05:02 +0000 2018,0.0,0.0,1.0,0.0
364,65,FoxNews,"A coalition of liberal activists, including @PPFA President @CecileRichards, headlined a #PowertothePolls rally in‚Ä¶ https://t.co/xSsXn67hEP",Mon Jan 22 04:00:48 +0000 2018,0.0,0.0,1.0,0.0
365,66,FoxNews,#Shutdown enters third day as McConnell calls for bipartisan compromise: 'Step back from the brink' https://t.co/7hKqLsf5Tv,Mon Jan 22 03:55:42 +0000 2018,0.0,0.0,1.0,0.0
366,67,FoxNews,".@SecretaryZinke Cleans Up Trash, Offers Tours on National Mall During Shutdown   https://t.co/p1iQATT193",Mon Jan 22 03:53:42 +0000 2018,0.0,0.0,1.0,0.0
367,68,FoxNews,"Explosive device triggers fire at Florida mall, forcing evacuation https://t.co/4kaa3Rc50k",Mon Jan 22 03:52:50 +0000 2018,-0.34,0.0,0.789,0.211
368,69,FoxNews,"RT @FoxNewsResearch: Most Senators and Representatives earn $174,000 per year, nearly three times higher than the U.S. median household inc‚Ä¶",Mon Jan 22 03:52:31 +0000 2018,0.0,0.0,1.0,0.0
369,70,FoxNews,"Malia Obama spotted with new boyfriend, former 'head boy' of posh British prep school https://t.co/FPAqFF7Qn1",Mon Jan 22 03:45:50 +0000 2018,0.0,0.0,1.0,0.0
370,71,FoxNews,".@ChrisCoons: ""Instead of throwing tweets from the @WhiteHouse, [@realDonaldTrump should] pull together the four le‚Ä¶ https://t.co/PRghKn1ofA",Mon Jan 22 03:45:26 +0000 2018,0.0,0.0,1.0,0.0
371,72,FoxNews,#PowertothePolls kickoff in Las Vegas; @WillCarrFNC reports. https://t.co/2liVEC3HTQ https://t.co/aUdnAxDf2E,Mon Jan 22 03:41:43 +0000 2018,0.0,0.0,1.0,0.0
372,73,FoxNews,Foles throws 3 TDs as Eagles rout Vikings in NFC Championship Game https://t.co/YcuDChXLFw,Mon Jan 22 03:35:02 +0000 2018,-0.368,0.167,0.577,0.256
373,74,FoxNews,.@BarackObama on illegal immigration in 2006. https://t.co/2KfJDr32e0 https://t.co/EXzMnYapB8,Mon Jan 22 03:31:03 +0000 2018,-0.5574,0.0,0.66,0.34
374,75,FoxNews,".@MickMulvaneyOMB: ""I will look you in the eye and tell you that President #Obama wanted that shutdown...and he wan‚Ä¶ https://t.co/XvQjpx9c3Q",Mon Jan 22 03:27:15 +0000 2018,0.0,0.0,1.0,0.0
375,76,FoxNews,"At yesterday's Los Angeles #WomensMarch, actor @robreiner had blistering words for President @realDonaldTrump.‚Ä¶ https://t.co/iCahrE7Fw5",Mon Jan 22 03:20:05 +0000 2018,0.0,0.0,1.0,0.0
376,77,FoxNews,".@MickMulvaneyOMB: ""Let's be clear‚Äî the president wants to resolve DACA."" #FoxNewsSunday https://t.co/dy1mEnCvDf",Mon Jan 22 03:18:39 +0000 2018,0.3818,0.191,0.809,0.0
377,78,FoxNews,"On @foxandfriends, @DiamondandSilk assailed Senate Democrats for allegedly turning ""choosing other people over the‚Ä¶ https://t.co/V2umE0VfDk",Mon Jan 22 03:17:00 +0000 2018,0.0,0.0,1.0,0.0
378,79,FoxNews,".@MickMulvaneyOMB: ""The #Obama Administration chose to weaponize the #shutdown."" #FoxNewsSunday https://t.co/IFoQQkzhFN",Mon Jan 22 03:15:13 +0000 2018,0.0,0.0,1.0,0.0
379,80,FoxNews,".@MickMulvaneyOMB on government shutdown: ""What you will see will not be as dramatic as you saw in 2013.""‚Ä¶ https://t.co/2pSJVdWryM",Mon Jan 22 03:13:51 +0000 2018,0.0,0.0,1.0,0.0
380,81,FoxNews,".@AnnCoulter: ""If [@POTUS] doesn't build the wall and deport illegals, this country is over."" https://t.co/UnsHAv002S",Mon Jan 22 03:09:06 +0000 2018,0.0,0.0,1.0,0.0
381,82,FoxNews,Cops may bring in cadaver dogs to search for possible remains of other children at Calif. 'house of horrors' https://t.co/aEFjQc5cHy,Mon Jan 22 03:07:01 +0000 2018,-0.5719,0.0,0.837,0.163
382,83,FoxNews,Newly released texts between ex-Mueller team members suggest they knew outcome of Clinton email probe in advance https://t.co/KFKWFxPL1r,Mon Jan 22 03:01:54 +0000 2018,0.0,0.0,1.0,0.0
383,84,FoxNews,"Explosive device triggers fire at Florida mall, forcing evacuation https://t.co/4kaa3Rc50k",Mon Jan 22 03:01:38 +0000 2018,-0.34,0.0,0.789,0.211
384,85,FoxNews,".@chuckschumer: ""We have yet to reach an agreement on a path forward that would be acceptable for both sides.""‚Ä¶ https://t.co/80ZQVewNcg",Mon Jan 22 02:55:35 +0000 2018,0.6808,0.292,0.708,0.0
385,86,FoxNews,Shutdown enters third day as McConnell calls for bipartisan compromise: 'Step back from the brink' https://t.co/7hKqLsf5Tv,Mon Jan 22 02:46:54 +0000 2018,0.0,0.0,1.0,0.0
386,87,FoxNews,BREAKING NEWS: #Shutdown enters third day as @SenateMajLdr calls for bipartisan compromise: 'Step back from the bri‚Ä¶ https://t.co/ANPbiKZbaV,Mon Jan 22 02:36:02 +0000 2018,0.0,0.0,1.0,0.0
387,88,FoxNews,BREAKING NEWS: Senate sets Monday at noon vote on ending government shutdown; @ChadPergram reports. https://t.co/pJC1Uk2dao,Mon Jan 22 02:34:49 +0000 2018,0.0,0.0,1.0,0.0
388,89,FoxNews,".@chuckschumer: ""We have yet to reach an agreement on a path forward that would be acceptable for both sides."" https://t.co/yGHqfmMMUi",Mon Jan 22 02:33:36 +0000 2018,0.6808,0.292,0.708,0.0
389,90,FoxNews,".@SenateMajLdr: ""Let‚Äôs stop victimizing the American people and get back to work on their behalf."" https://t.co/oXFwvT7q4r",Mon Jan 22 02:26:36 +0000 2018,-0.7003,0.0,0.707,0.293
390,91,FoxNews,".@AnnCoulter: ""If [@POTUS] doesn't build the wall and deport illegals, this country is over."" https://t.co/zjLYytUJz0",Mon Jan 22 02:24:12 +0000 2018,0.0,0.0,1.0,0.0
391,92,FoxNews,".@SenateMajLdr: ""Should these issues not be resolved by the time the funding bill before us expires on February 8,‚Ä¶ https://t.co/8PpscmhCbC",Mon Jan 22 02:20:44 +0000 2018,-0.1326,0.0,0.926,0.074
392,93,FoxNews,"Moments ago, @SenateMajLdr spoke on the Senate floor about the #shutdown. https://t.co/uHKeyHYRqZ",Mon Jan 22 02:20:42 +0000 2018,0.0,0.0,1.0,0.0
393,94,FoxNews,".@SenateMajLdr: ""It would be my intention to resolve these issues as quickly as possible so that we can move on to‚Ä¶ https://t.co/tOZMJLXVrl",Mon Jan 22 02:18:35 +0000 2018,0.3818,0.11,0.89,0.0
394,95,FoxNews,.@SenateMajLdr speaks on Senate floor about government shutdown https://t.co/AzQ4vujaIe,Mon Jan 22 02:17:17 +0000 2018,0.0,0.0,1.0,0.0
395,96,FoxNews,".@TomiLahren: ""We've got the Democrats - @chuckschumer included - who are putting illegal immigrants over the milit‚Ä¶ https://t.co/CkYNFn9BDM",Mon Jan 22 02:14:15 +0000 2018,-0.5574,0.0,0.806,0.194
396,97,FoxNews,"Democratic strategist @mdtobman: [@chuckschumer] is a very savvy dealmaker."" https://t.co/UKTnHkZLVE https://t.co/V0UTseUZnO",Mon Jan 22 02:13:52 +0000 2018,0.0,0.0,1.0,0.0
397,98,FoxNews,".@RepDeSantis: ""The reason why we end up in these positions all the time is because the system has broken down.""‚Ä¶ https://t.co/Ko9MdPxspP",Mon Jan 22 02:10:14 +0000 2018,-0.4767,0.0,0.866,0.134
398,99,FoxNews,".@SteveHiltonx: ""It's perfectly obvious that this shutdown is engineered by @TheDemocrats in order to pander to the‚Ä¶ https://t.co/ySqVpzIxS4",Mon Jan 22 02:07:38 +0000 2018,0.6369,0.198,0.802,0.0
399,100,FoxNews,".@RepDeSantis: ""Congress isn't doing what the American taxpayer should expect it to do."" https://t.co/Z9ee7Gm0kN‚Ä¶ https://t.co/RfJoIe3atM",Mon Jan 22 02:07:35 +0000 2018,0.0,0.0,1.0,0.0
400,1,nytimes,South Korean protesters used a blowtorch to burn a large photo of Kim Jong-un during a North Korean delegation's vi‚Ä¶ https://t.co/y6laXXbLJJ,Mon Jan 22 09:46:03 +0000 2018,-0.2263,0.0,0.899,0.101
401,2,nytimes,"In a few decades, Qatar has been transformed from a barren backwater to the world‚Äôs wealthiest nation. For its emir‚Ä¶ https://t.co/oHb4oNdwvW",Mon Jan 22 09:30:14 +0000 2018,0.4939,0.151,0.849,0.0
402,3,nytimes,The Philippines‚Äô most active volcano was in a stage of ‚Äúintense unrest‚Äù that could set off a hazardous eruption at‚Ä¶ https://t.co/d6x691f7AF,Mon Jan 22 09:15:08 +0000 2018,0.4576,0.143,0.857,0.0
403,4,nytimes,"Exposed on social media, and with threats against her piling up, a 38-year-old law student has become one of the mo‚Ä¶ https://t.co/08UC9tZnqV",Mon Jan 22 08:59:10 +0000 2018,-0.4767,0.0,0.823,0.177
404,5,nytimes,Bitter debates over terrorism and tolerance have primed a faction of Americans to express their identity in part th‚Ä¶ https://t.co/rvdi4TFAkp,Mon Jan 22 08:45:08 +0000 2018,-0.7351,0.086,0.625,0.289
405,6,nytimes,RT @nytimesworld: A father outside an Afghan hotel under attack: ‚ÄúFrom midnight until now I‚Äôve been waiting here. I just want to hug him an‚Ä¶,Mon Jan 22 08:30:07 +0000 2018,0.0772,0.16,0.727,0.113
406,7,nytimes,Pope Francis leaves Peru without addressing the elephant in the room https://t.co/BolbX3cAFn,Mon Jan 22 08:15:06 +0000 2018,0.0,0.0,1.0,0.0
407,8,nytimes,Creating a new Bitcoin requires electricity. A lot of it. https://t.co/PKlvAEn9WA,Mon Jan 22 07:59:05 +0000 2018,0.296,0.216,0.784,0.0
408,9,nytimes,Voices from the Women‚Äôs Marches https://t.co/C0uykTKmSx,Mon Jan 22 07:45:09 +0000 2018,0.0,0.0,1.0,0.0
409,10,nytimes,Here are the senators trying to find a bipartisan solution to the government shutdown https://t.co/738ZjU9SjZ,Mon Jan 22 07:30:02 +0000 2018,0.3182,0.15,0.85,0.0
410,11,nytimes,"‚ÄúIt was so inspiring,‚Äù a demonstrator said. ‚ÄúI literally cried. The solidarity ‚Äî of not being alone.‚Äù https://t.co/d6Mj3ofWVZ",Mon Jan 22 07:15:08 +0000 2018,-0.1027,0.117,0.745,0.138
411,12,nytimes,"RT @ianrausten: After 126 years, Peterborough, Ontario will lose the factory complex that once made it the ""Electric City"". Some blame it a‚Ä¶",Mon Jan 22 06:59:02 +0000 2018,-0.6249,0.0,0.805,0.195
412,13,nytimes,"Venezuela's most-wanted rebel was killed in a shootout. Just hours before his death, he spoke with us about his lif‚Ä¶ https://t.co/TFOJhxTjHh",Mon Jan 22 06:45:21 +0000 2018,-0.875,0.0,0.63,0.37
413,14,nytimes,"Scientists in Washington State are watching a disaster unfold in slow motion, and they are powerless to stop it https://t.co/i7qGTSCQxH",Mon Jan 22 06:28:14 +0000 2018,-0.8591,0.0,0.627,0.373
414,15,nytimes,She was greeted with a media frenzy that South Korea usually reserves for one of its own K-pop stars https://t.co/9eSF4Py3Qo,Mon Jan 22 06:12:05 +0000 2018,-0.0516,0.098,0.794,0.107
415,16,nytimes,"James Franco, who did attend, and Aziz Ansari, who didn‚Äôt, lost in their categories on a night when women‚Äôs empower‚Ä¶ https://t.co/AFMrVi0uNR",Mon Jan 22 05:54:03 +0000 2018,-0.3182,0.0,0.892,0.108
416,17,nytimes,One thing was clear to both sides of the negotiations to end the U.S. government shutdown: President Trump was eith‚Ä¶ https://t.co/xuotdTyZWb,Mon Jan 22 05:37:29 +0000 2018,0.3818,0.115,0.885,0.0
417,18,nytimes,"1 son, 4 overdoses, 6 hours.
For drug users and their loved ones, the worry never ends. https://t.co/PC6wprtdvy",Mon Jan 22 05:37:27 +0000 2018,0.25,0.197,0.657,0.146
418,19,nytimes,"Drag is a job with long hours and scant immediate return. There's no union, there's no health care, but there are c‚Ä¶ https://t.co/RpWtYfMOpy",Mon Jan 22 05:19:53 +0000 2018,-0.1406,0.085,0.727,0.188
419,20,nytimes,The torrent of people who have died in the opioid crisis has transfixed and horrified the U.S. But most drug users‚Ä¶ https://t.co/Idy2WEsXhf,Mon Jan 22 05:02:02 +0000 2018,-0.9042,0.0,0.629,0.371
420,21,nytimes,South Korean protesters used a blowtorch to burn a large photo of Kim Jong-un during a North Korean delegation's vi‚Ä¶ https://t.co/y6laXXbLJJ,Mon Jan 22 09:46:03 +0000 2018,-0.2263,0.0,0.899,0.101
421,22,nytimes,"In a few decades, Qatar has been transformed from a barren backwater to the world‚Äôs wealthiest nation. For its emir‚Ä¶ https://t.co/oHb4oNdwvW",Mon Jan 22 09:30:14 +0000 2018,0.4939,0.151,0.849,0.0
422,23,nytimes,The Philippines‚Äô most active volcano was in a stage of ‚Äúintense unrest‚Äù that could set off a hazardous eruption at‚Ä¶ https://t.co/d6x691f7AF,Mon Jan 22 09:15:08 +0000 2018,0.4576,0.143,0.857,0.0
423,24,nytimes,"Exposed on social media, and with threats against her piling up, a 38-year-old law student has become one of the mo‚Ä¶ https://t.co/08UC9tZnqV",Mon Jan 22 08:59:10 +0000 2018,-0.4767,0.0,0.823,0.177
424,25,nytimes,Bitter debates over terrorism and tolerance have primed a faction of Americans to express their identity in part th‚Ä¶ https://t.co/rvdi4TFAkp,Mon Jan 22 08:45:08 +0000 2018,-0.7351,0.086,0.625,0.289
425,26,nytimes,RT @nytimesworld: A father outside an Afghan hotel under attack: ‚ÄúFrom midnight until now I‚Äôve been waiting here. I just want to hug him an‚Ä¶,Mon Jan 22 08:30:07 +0000 2018,0.0772,0.16,0.727,0.113
426,27,nytimes,Pope Francis leaves Peru without addressing the elephant in the room https://t.co/BolbX3cAFn,Mon Jan 22 08:15:06 +0000 2018,0.0,0.0,1.0,0.0
427,28,nytimes,Creating a new Bitcoin requires electricity. A lot of it. https://t.co/PKlvAEn9WA,Mon Jan 22 07:59:05 +0000 2018,0.296,0.216,0.784,0.0
428,29,nytimes,Voices from the Women‚Äôs Marches https://t.co/C0uykTKmSx,Mon Jan 22 07:45:09 +0000 2018,0.0,0.0,1.0,0.0
429,30,nytimes,Here are the senators trying to find a bipartisan solution to the government shutdown https://t.co/738ZjU9SjZ,Mon Jan 22 07:30:02 +0000 2018,0.3182,0.15,0.85,0.0
430,31,nytimes,"‚ÄúIt was so inspiring,‚Äù a demonstrator said. ‚ÄúI literally cried. The solidarity ‚Äî of not being alone.‚Äù https://t.co/d6Mj3ofWVZ",Mon Jan 22 07:15:08 +0000 2018,-0.1027,0.117,0.745,0.138
431,32,nytimes,"RT @ianrausten: After 126 years, Peterborough, Ontario will lose the factory complex that once made it the ""Electric City"". Some blame it a‚Ä¶",Mon Jan 22 06:59:02 +0000 2018,-0.6249,0.0,0.805,0.195
432,33,nytimes,"Venezuela's most-wanted rebel was killed in a shootout. Just hours before his death, he spoke with us about his lif‚Ä¶ https://t.co/TFOJhxTjHh",Mon Jan 22 06:45:21 +0000 2018,-0.875,0.0,0.63,0.37
433,34,nytimes,"Scientists in Washington State are watching a disaster unfold in slow motion, and they are powerless to stop it https://t.co/i7qGTSCQxH",Mon Jan 22 06:28:14 +0000 2018,-0.8591,0.0,0.627,0.373
434,35,nytimes,She was greeted with a media frenzy that South Korea usually reserves for one of its own K-pop stars https://t.co/9eSF4Py3Qo,Mon Jan 22 06:12:05 +0000 2018,-0.0516,0.098,0.794,0.107
435,36,nytimes,"James Franco, who did attend, and Aziz Ansari, who didn‚Äôt, lost in their categories on a night when women‚Äôs empower‚Ä¶ https://t.co/AFMrVi0uNR",Mon Jan 22 05:54:03 +0000 2018,-0.3182,0.0,0.892,0.108
436,37,nytimes,One thing was clear to both sides of the negotiations to end the U.S. government shutdown: President Trump was eith‚Ä¶ https://t.co/xuotdTyZWb,Mon Jan 22 05:37:29 +0000 2018,0.3818,0.115,0.885,0.0
437,38,nytimes,"1 son, 4 overdoses, 6 hours.
For drug users and their loved ones, the worry never ends. https://t.co/PC6wprtdvy",Mon Jan 22 05:37:27 +0000 2018,0.25,0.197,0.657,0.146
438,39,nytimes,"Drag is a job with long hours and scant immediate return. There's no union, there's no health care, but there are c‚Ä¶ https://t.co/RpWtYfMOpy",Mon Jan 22 05:19:53 +0000 2018,-0.1406,0.085,0.727,0.188
439,40,nytimes,The torrent of people who have died in the opioid crisis has transfixed and horrified the U.S. But most drug users‚Ä¶ https://t.co/Idy2WEsXhf,Mon Jan 22 05:02:02 +0000 2018,-0.9042,0.0,0.629,0.371
440,41,nytimes,"On Pro Football: Eagles March Past Vikings to Super Bowl, Just as They Predicted https://t.co/MwGYfC9Ixw",Mon Jan 22 04:50:07 +0000 2018,0.5994,0.218,0.782,0.0
441,42,nytimes,"Women's Marches across the world, in photos and voices of protest https://t.co/L0pzTwRNPA https://t.co/k9eP8MWkdA",Mon Jan 22 04:40:12 +0000 2018,-0.25,0.0,0.857,0.143
442,43,nytimes,"Are Felons Fit to Be Lawyers? Increasingly, the Answer Is Yes https://t.co/Z77V3YYl40",Mon Jan 22 04:24:37 +0000 2018,0.6369,0.342,0.658,0.0
443,44,nytimes,"When Amazon introduced its first e-reader, publishers panicked that digital books would take over the industry. But‚Ä¶ https://t.co/JBsXWNXdKE",Mon Jan 22 04:22:56 +0000 2018,-0.3182,0.082,0.773,0.145
444,45,nytimes,"A campaign urges Americans to document their end-of-life wishes, specifically to plan for medical care in the event‚Ä¶ https://t.co/radZXaOdpx",Mon Jan 22 04:04:48 +0000 2018,0.5859,0.231,0.769,0.0
445,46,nytimes,‚ÄúWe‚Äôve known for a long time that breast-feeding has major benefits for child health. The specific benefits for wom‚Ä¶ https://t.co/iAgkQWCrPz,Mon Jan 22 03:46:43 +0000 2018,0.6369,0.234,0.766,0.0
446,47,nytimes,Here Are the Senators Trying to Find a Bipartisan Solution to the Government Shutdown https://t.co/KeBxlOvqYp,Mon Jan 22 03:29:00 +0000 2018,0.3182,0.15,0.85,0.0
447,48,nytimes,Formidable tail weaponry is nearly absent in living animals. Scientists have an explanation for what happened to th‚Ä¶ https://t.co/oaAknl2Wy0,Mon Jan 22 03:18:47 +0000 2018,-0.2263,0.0,0.905,0.095
448,49,nytimes,"""The lore that the big earthquakes happen during the full moon ‚Äî there's no support for that in the catalog"" https://t.co/WxzJIn2K4m",Mon Jan 22 03:01:04 +0000 2018,0.128,0.118,0.786,0.096
449,50,nytimes,Breaking News: The government shutdown will continue into Monday. Senators inched toward a compromise on Sunday but‚Ä¶ https://t.co/wIdK8pLU6p,Mon Jan 22 02:45:05 +0000 2018,0.0,0.0,1.0,0.0
450,51,nytimes,"The Eagles have reached the Super Bowl for just the second time in 37 years. They beat the Vikings, 38-7. https://t.co/tc4uujhR79",Mon Jan 22 02:43:53 +0000 2018,0.6486,0.218,0.782,0.0
451,52,nytimes,9 articles on where the markets have been ‚Äî and some clues on where they may be heading https://t.co/vrpLoHEAvM,Mon Jan 22 02:38:46 +0000 2018,0.0,0.0,1.0,0.0
452,53,nytimes,How did the city of Philadelphia prepare for an Eagles championship playoff? A lot of Crisco. https://t.co/ynbiC263EH,Mon Jan 22 02:22:02 +0000 2018,0.4404,0.162,0.838,0.0
453,54,nytimes,"Watching a Ridge Slide in Slow Motion, a Town Braces for Disaster https://t.co/6FRECc9ITY",Mon Jan 22 02:19:59 +0000 2018,-0.6249,0.0,0.709,0.291
454,55,nytimes,"Inside Amazon's new convenience store, a shopper's account gets automatically charged for what they take out the do‚Ä¶ https://t.co/pOYBh5Ic0x",Mon Jan 22 02:07:03 +0000 2018,-0.2023,0.0,0.904,0.096
455,56,nytimes,On Washington: Shutdown‚Äôs Crux: Democrats‚Äô Deep-Rooted Distrust of G.O.P. on Immigration https://t.co/Y4ZW8sXy8a,Mon Jan 22 01:49:36 +0000 2018,-0.4215,0.0,0.797,0.203
456,57,nytimes,"RT @mirjordan: 1 son, 4 overdoses, 6 hours. For drug users and their loved ones, the worry never ends. Powerful piece about the state of ou‚Ä¶",Mon Jan 22 01:34:01 +0000 2018,-0.0854,0.134,0.687,0.18
457,58,nytimes,"Sundance, Steeped in Weinstein Mystique, Enters a New Era https://t.co/EL1Uvldack",Mon Jan 22 01:12:54 +0000 2018,0.0,0.0,1.0,0.0
458,59,nytimes,"""There is no right or wrong in grief; we need to accept whatever form it takes, both in ourselves and in others"" https://t.co/2egBbEyOz9",Mon Jan 22 01:10:25 +0000 2018,-0.7096,0.086,0.631,0.282
459,60,nytimes,"""When the skies are drab and life feels a little gray, I am absurdly cheered by the fresh brightness of a vibrantly‚Ä¶ https://t.co/5MPTjxYmgT",Mon Jan 22 00:53:06 +0000 2018,0.802,0.325,0.675,0.0
460,61,nytimes,Welcome to the Neighborhood: America‚Äôs Sports Stadiums Are Moving Downtown https://t.co/cWMqYe8IVZ,Mon Jan 22 00:36:13 +0000 2018,0.4588,0.231,0.769,0.0
461,62,nytimes,"36 hours in Kauai, Hawaii https://t.co/H0H7QJ5Q3V",Mon Jan 22 00:35:56 +0000 2018,0.0,0.0,1.0,0.0
462,63,nytimes,"How a ""perfect storm"" in New Hampshire fueled the opioid crisis in the U.S. https://t.co/EIgcpRJWS8",Mon Jan 22 00:18:51 +0000 2018,-0.1027,0.187,0.606,0.207
463,64,nytimes,"Pope Lauds Peru‚Äôs Young, but Stays Silent on Church Sex Abuse https://t.co/DQaTDa8x60",Mon Jan 22 00:02:39 +0000 2018,-0.7783,0.0,0.655,0.345
464,65,nytimes,Who will face the Patriots in Super Bowl LII? The Vikings are off to a good start with a 7-0 lead in the NFC Champi‚Ä¶ https://t.co/zvritIKYN0,Sun Jan 21 23:53:22 +0000 2018,0.3328,0.211,0.652,0.138
465,66,nytimes,"Our skeletons may help to keep our weight under control, according to a fascinating new study with animals https://t.co/KZdrYuLGs7",Sun Jan 21 23:36:27 +0000 2018,0.7351,0.279,0.721,0.0
466,67,nytimes,Peterborough Journal: This City Once Made Much of What Canada Bought. But No More. https://t.co/cPGutt1GY5,Sun Jan 21 23:19:18 +0000 2018,-0.296,0.0,0.864,0.136
467,68,nytimes,RT @NYTSports: That's the 8th Super Bowl appearance for Tom Brady in 18 seasons. He'll be going for his 6th title. https://t.co/HUADZHhC60,Sun Jan 21 23:13:09 +0000 2018,0.5994,0.157,0.843,0.0
468,69,nytimes,"RT @NYTSports: Tom Brady and the Patriots did it again, because of course they did. They're headed back to the Super Bowl after coming back‚Ä¶",Sun Jan 21 23:12:47 +0000 2018,0.5994,0.14,0.86,0.0
469,70,nytimes,Facebook's changes to the News Feed could fuel its long-held video ambitions https://t.co/ljwBThXqW9,Sun Jan 21 23:11:07 +0000 2018,0.0,0.0,1.0,0.0
470,71,nytimes,Op-Ed Contributor: Liberia‚Äôs Next Fight? Corruption https://t.co/ksMmmFKyih,Sun Jan 21 23:04:39 +0000 2018,-0.3818,0.0,0.698,0.302
471,72,nytimes,When Running Is More Than a Sport https://t.co/Bcosv4ijiR,Sun Jan 21 23:00:50 +0000 2018,0.0,0.0,1.0,0.0
472,73,nytimes,Angela Merkel inched a step closer to forming a new government on Sunday https://t.co/hDz3WJ9K3P,Sun Jan 21 22:58:04 +0000 2018,0.0,0.0,1.0,0.0
473,74,nytimes,"RT @NYTSports: Tom Brady doing Tom Brady things. The Patriots have taken the lead with under 3 minutes left, but the Jags still have life:‚Ä¶",Sun Jan 21 22:57:26 +0000 2018,0.0,0.0,1.0,0.0
474,75,nytimes,What the Real ID Act means for travelers and why having a passport now may be more important than ever https://t.co/5baZMj6Pvu,Sun Jan 21 22:43:03 +0000 2018,0.2716,0.099,0.901,0.0
475,76,nytimes,"RT @NYTSports: Couple of big blows for the Patriots as they try to rally: Gronkowski is ruled out of the game, then Dion Lewis loses a fumb‚Ä¶",Sun Jan 21 22:32:01 +0000 2018,-0.3182,0.0,0.916,0.084
476,77,nytimes,"36 hours in Kauai, Hawaii https://t.co/Geg0iyI05z",Sun Jan 21 22:28:05 +0000 2018,0.0,0.0,1.0,0.0
477,78,nytimes,"RT @nytpolitics: ‚ÄúThis shutdown is going to get a lot worse tomorrow. A lot worse,‚Äù Mitch McConnell said on Sunday. ‚ÄúToday would be a good‚Ä¶",Sun Jan 21 22:14:00 +0000 2018,-0.4767,0.0,0.871,0.129
478,79,nytimes,This banana-coconut layer cake will help keep your sweet tooth in shape https://t.co/BLVGkKMTFl,Sun Jan 21 22:13:02 +0000 2018,0.6908,0.341,0.659,0.0
479,80,nytimes,How bad is this year's flu season? Is this particular strain particularly dangerous? Answers to your questions abou‚Ä¶ https://t.co/5miUlVqTG2,Sun Jan 21 21:54:08 +0000 2018,-0.8765,0.0,0.576,0.424
480,81,nytimes,Photos from women's marches across the world https://t.co/5PGaqdjid3 [corrected link],Sun Jan 21 21:39:04 +0000 2018,0.0,0.0,1.0,0.0
481,82,nytimes,"Mike Pence met with King Abdullah II of Jordan, telling reporters afterward that they had ""agreed to disagree"" on t‚Ä¶ https://t.co/v74DNr5xxq",Sun Jan 21 21:24:02 +0000 2018,-0.128,0.089,0.802,0.11
482,83,nytimes,The Statue of Liberty will reopen despite the government shutdown https://t.co/TUD4jk33P3,Sun Jan 21 21:09:02 +0000 2018,0.5267,0.254,0.746,0.0
483,84,nytimes,"RT @Max_Fisher: A lot of foreign policy folks are understandably scratching their heads over Pence‚Äôs oddly off-key MidEast trip

Here‚Äôs my‚Ä¶",Sun Jan 21 20:52:02 +0000 2018,0.0,0.0,1.0,0.0
484,85,nytimes,Tom Brady's injured hand looked fine on the Patriots' first drive of the AFC Championship game. New England leads J‚Ä¶ https://t.co/b0wzqxA1AB,Sun Jan 21 20:37:04 +0000 2018,0.6369,0.286,0.616,0.098
485,86,nytimes,RT @kseelye: The Griffin family in NH opened up their lives to @heislerphoto and me to put a human face on living with addiction; thank you‚Ä¶,Sun Jan 21 20:22:05 +0000 2018,0.7531,0.219,0.781,0.0
486,87,nytimes,Our critics share their lists of Oscar-worthy films and performances https://t.co/3I4WIrE4Op,Sun Jan 21 20:07:04 +0000 2018,0.0,0.164,0.672,0.164
487,88,nytimes,"Movies dismissed by most of Hollywood are dominating the box office, including ""The Greatest Showman,"" and ""Jumanji"" https://t.co/w68HA3hnLB",Sun Jan 21 19:52:02 +0000 2018,0.4588,0.188,0.714,0.098
488,89,nytimes,"""Through mutual friends at West Point, we had each learned the other was gay, and though we were attracted to one a‚Ä¶ https://t.co/viKbW10vQ7",Sun Jan 21 19:22:06 +0000 2018,0.7096,0.219,0.781,0.0
489,90,nytimes,"Opinion: Hillary lost, but the future is hers https://t.co/BxvIft3W5N",Sun Jan 21 19:07:04 +0000 2018,-0.1655,0.0,0.829,0.171
490,91,nytimes,The music came on. Stormy Daniels's clothes came off. And an airport strip club claimed its piece of the American p‚Ä¶ https://t.co/vJy4nxnRi0,Sun Jan 21 18:52:07 +0000 2018,0.0,0.0,1.0,0.0
491,92,nytimes,"For most of Canada‚Äôs history, this city manufactured much of what Canada bought or used. But no more. https://t.co/VWy2yHpTMW",Sun Jan 21 18:37:04 +0000 2018,-0.296,0.0,0.891,0.109
492,93,nytimes,"His 24-year-old parrot cuddles with him under his bed covers, swings from his belt and hangs out in the shower https://t.co/r6bhJfEuSE",Sun Jan 21 18:22:05 +0000 2018,0.0,0.0,1.0,0.0
493,94,nytimes,Lawmakers struggled early Sunday to find a resolution to a 2-day-old government shutdown https://t.co/k4q20qDDWM,Sun Jan 21 18:07:03 +0000 2018,-0.34,0.0,0.821,0.179
494,95,nytimes,"The Taliban‚Äôs bloody, 14-hour siege on a major hotel in Kabul finally ended on Sunday https://t.co/97P9Nf92Ax",Sun Jan 21 17:52:06 +0000 2018,-0.4404,0.0,0.828,0.172
495,96,nytimes,"RT @nickwingfield: In the name of journalism, I tried to shoplift from Amazon Go, the company‚Äôs convenience store of the future. Here‚Äôs wha‚Ä¶",Sun Jan 21 17:37:00 +0000 2018,0.1779,0.075,0.925,0.0
496,97,nytimes,Opinion: They were bad. He may be worse. https://t.co/jN0UR4ygLT,Sun Jan 21 17:22:07 +0000 2018,-0.765,0.0,0.515,0.485
497,98,nytimes,"Virtual reality, long-promised, is finally gaining traction in New York video boutiques. But is there more to VR th‚Ä¶ https://t.co/6NKGe3ZaIn",Sun Jan 21 17:07:02 +0000 2018,0.4215,0.128,0.872,0.0
498,99,nytimes,"RT @meddynyt: My colleague @kbennhold is in Bonn, here is our take on how today's vote went down and what it means for the Social Democrats‚Ä¶",Sun Jan 21 16:52:06 +0000 2018,0.0,0.0,1.0,0.0
499,100,nytimes,"1 son, 4 overdoses, 6 hours.
For drug users and their loved ones, the worry never ends. https://t.co/C4HKW38qbI",Sun Jan 21 16:37:06 +0000 2018,0.25,0.197,0.657,0.146
